filename,label,label_str
28609.jpg,1,real
30395.jpg,1,real
22430.jpg,1,real
58380.jpg,1,real
62044.jpg,1,real
23853.jpg,1,real
53535.jpg,1,real
41416.jpg,1,real
29390.jpg,1,real
25686.jpg,1,real
13374.jpg,1,real
35451.jpg,1,real
02376.jpg,1,real
20021.jpg,1,real
14846.jpg,1,real
67791.jpg,1,real
37098.jpg,1,real
03212.jpg,1,real
02642.jpg,1,real
25253.jpg,1,real
39032.jpg,1,real
43677.jpg,1,real
08794.jpg,1,real
42804.jpg,1,real
63391.jpg,1,real
01195.jpg,1,real
31084.jpg,1,real
36296.jpg,1,real
02411.jpg,1,real
30490.jpg,1,real
65495.jpg,1,real
51802.jpg,1,real
04726.jpg,1,real
07334.jpg,1,real
62405.jpg,1,real
14556.jpg,1,real
66447.jpg,1,real
00235.jpg,1,real
30685.jpg,1,real
41374.jpg,1,real
42885.jpg,1,real
44091.jpg,1,real
64388.jpg,1,real
64786.jpg,1,real
67055.jpg,1,real
66565.jpg,1,real
20250.jpg,1,real
60294.jpg,1,real
18489.jpg,1,real
33997.jpg,1,real
02669.jpg,1,real
05529.jpg,1,real
29455.jpg,1,real
16200.jpg,1,real
05381.jpg,1,real
67467.jpg,1,real
40068.jpg,1,real
09872.jpg,1,real
63682.jpg,1,real
16849.jpg,1,real
06754.jpg,1,real
41577.jpg,1,real
22720.jpg,1,real
25896.jpg,1,real
04654.jpg,1,real
64278.jpg,1,real
01804.jpg,1,real
15267.jpg,1,real
29135.jpg,1,real
14292.jpg,1,real
25174.jpg,1,real
52393.jpg,1,real
24390.jpg,1,real
21731.jpg,1,real
28461.jpg,1,real
57434.jpg,1,real
58801.jpg,1,real
37206.jpg,1,real
59033.jpg,1,real
20402.jpg,1,real
45857.jpg,1,real
54212.jpg,1,real
41395.jpg,1,real
21826.jpg,1,real
11226.jpg,1,real
19222.jpg,1,real
56042.jpg,1,real
55148.jpg,1,real
31284.jpg,1,real
17411.jpg,1,real
50038.jpg,1,real
22749.jpg,1,real
66834.jpg,1,real
64244.jpg,1,real
01637.jpg,1,real
52586.jpg,1,real
05314.jpg,1,real
15035.jpg,1,real
34064.jpg,1,real
27741.jpg,1,real
36346.jpg,1,real
25876.jpg,1,real
05493.jpg,1,real
11260.jpg,1,real
20540.jpg,1,real
15719.jpg,1,real
62024.jpg,1,real
32564.jpg,1,real
19107.jpg,1,real
68428.jpg,1,real
44727.jpg,1,real
32048.jpg,1,real
54135.jpg,1,real
56392.jpg,1,real
14783.jpg,1,real
25979.jpg,1,real
15798.jpg,1,real
66233.jpg,1,real
66516.jpg,1,real
41727.jpg,1,real
34400.jpg,1,real
49057.jpg,1,real
20012.jpg,1,real
07689.jpg,1,real
45917.jpg,1,real
12851.jpg,1,real
08261.jpg,1,real
44380.jpg,1,real
08580.jpg,1,real
42586.jpg,1,real
03854.jpg,1,real
47113.jpg,1,real
00789.jpg,1,real
46802.jpg,1,real
69661.jpg,1,real
66105.jpg,1,real
22366.jpg,1,real
66724.jpg,1,real
52145.jpg,1,real
48666.jpg,1,real
19971.jpg,1,real
03860.jpg,1,real
34491.jpg,1,real
36808.jpg,1,real
35592.jpg,1,real
69317.jpg,1,real
45831.jpg,1,real
64636.jpg,1,real
05369.jpg,1,real
20344.jpg,1,real
58681.jpg,1,real
15723.jpg,1,real
41882.jpg,1,real
11784.jpg,1,real
04825.jpg,1,real
09294.jpg,1,real
69323.jpg,1,real
01634.jpg,1,real
00603.jpg,1,real
03259.jpg,1,real
15531.jpg,1,real
57489.jpg,1,real
02837.jpg,1,real
11354.jpg,1,real
12959.jpg,1,real
22803.jpg,1,real
02456.jpg,1,real
69003.jpg,1,real
53791.jpg,1,real
66672.jpg,1,real
06548.jpg,1,real
08426.jpg,1,real
15819.jpg,1,real
00899.jpg,1,real
09497.jpg,1,real
15234.jpg,1,real
27321.jpg,1,real
63574.jpg,1,real
14682.jpg,1,real
12213.jpg,1,real
05900.jpg,1,real
65270.jpg,1,real
01873.jpg,1,real
23845.jpg,1,real
16353.jpg,1,real
27773.jpg,1,real
54338.jpg,1,real
34123.jpg,1,real
00507.jpg,1,real
65196.jpg,1,real
61075.jpg,1,real
15424.jpg,1,real
24874.jpg,1,real
24161.jpg,1,real
07149.jpg,1,real
15990.jpg,1,real
65570.jpg,1,real
68433.jpg,1,real
10627.jpg,1,real
00367.jpg,1,real
42630.jpg,1,real
10604.jpg,1,real
47526.jpg,1,real
38055.jpg,1,real
44453.jpg,1,real
10678.jpg,1,real
13874.jpg,1,real
55840.jpg,1,real
55101.jpg,1,real
61385.jpg,1,real
53364.jpg,1,real
03521.jpg,1,real
22776.jpg,1,real
29729.jpg,1,real
30459.jpg,1,real
07021.jpg,1,real
36930.jpg,1,real
41946.jpg,1,real
08892.jpg,1,real
20423.jpg,1,real
62171.jpg,1,real
07976.jpg,1,real
34116.jpg,1,real
25048.jpg,1,real
21978.jpg,1,real
66484.jpg,1,real
41308.jpg,1,real
04557.jpg,1,real
69489.jpg,1,real
35004.jpg,1,real
39346.jpg,1,real
52662.jpg,1,real
06485.jpg,1,real
25664.jpg,1,real
26378.jpg,1,real
02356.jpg,1,real
56699.jpg,1,real
16230.jpg,1,real
09358.jpg,1,real
56707.jpg,1,real
35759.jpg,1,real
58631.jpg,1,real
22487.jpg,1,real
09860.jpg,1,real
49245.jpg,1,real
22128.jpg,1,real
34390.jpg,1,real
43353.jpg,1,real
11332.jpg,1,real
45097.jpg,1,real
41951.jpg,1,real
15594.jpg,1,real
03393.jpg,1,real
55992.jpg,1,real
19010.jpg,1,real
14472.jpg,1,real
44322.jpg,1,real
12105.jpg,1,real
67618.jpg,1,real
33467.jpg,1,real
10393.jpg,1,real
38528.jpg,1,real
31539.jpg,1,real
15111.jpg,1,real
37528.jpg,1,real
38319.jpg,1,real
06878.jpg,1,real
21277.jpg,1,real
49405.jpg,1,real
21451.jpg,1,real
24936.jpg,1,real
40670.jpg,1,real
56648.jpg,1,real
00035.jpg,1,real
50167.jpg,1,real
23715.jpg,1,real
20959.jpg,1,real
17269.jpg,1,real
52534.jpg,1,real
27620.jpg,1,real
28804.jpg,1,real
21171.jpg,1,real
06613.jpg,1,real
09963.jpg,1,real
08134.jpg,1,real
69361.jpg,1,real
17866.jpg,1,real
26533.jpg,1,real
48768.jpg,1,real
36734.jpg,1,real
12462.jpg,1,real
48516.jpg,1,real
12840.jpg,1,real
59234.jpg,1,real
65950.jpg,1,real
28892.jpg,1,real
39265.jpg,1,real
37574.jpg,1,real
39931.jpg,1,real
20905.jpg,1,real
10761.jpg,1,real
38534.jpg,1,real
33879.jpg,1,real
11087.jpg,1,real
25058.jpg,1,real
64042.jpg,1,real
25266.jpg,1,real
65959.jpg,1,real
21496.jpg,1,real
31813.jpg,1,real
48887.jpg,1,real
63439.jpg,1,real
25883.jpg,1,real
69424.jpg,1,real
61688.jpg,1,real
29693.jpg,1,real
28753.jpg,1,real
33573.jpg,1,real
11106.jpg,1,real
01189.jpg,1,real
10280.jpg,1,real
26598.jpg,1,real
38400.jpg,1,real
25778.jpg,1,real
47608.jpg,1,real
08225.jpg,1,real
25035.jpg,1,real
12511.jpg,1,real
58076.jpg,1,real
02197.jpg,1,real
05167.jpg,1,real
19059.jpg,1,real
58894.jpg,1,real
57141.jpg,1,real
28891.jpg,1,real
40332.jpg,1,real
56878.jpg,1,real
21203.jpg,1,real
35662.jpg,1,real
20710.jpg,1,real
50947.jpg,1,real
21268.jpg,1,real
31505.jpg,1,real
13702.jpg,1,real
17267.jpg,1,real
53734.jpg,1,real
64390.jpg,1,real
48387.jpg,1,real
06044.jpg,1,real
41464.jpg,1,real
00003.jpg,1,real
42461.jpg,1,real
56339.jpg,1,real
57907.jpg,1,real
54610.jpg,1,real
59051.jpg,1,real
47785.jpg,1,real
33568.jpg,1,real
56740.jpg,1,real
08372.jpg,1,real
01686.jpg,1,real
06482.jpg,1,real
28281.jpg,1,real
54726.jpg,1,real
17185.jpg,1,real
31995.jpg,1,real
50259.jpg,1,real
11549.jpg,1,real
59891.jpg,1,real
57629.jpg,1,real
64858.jpg,1,real
48560.jpg,1,real
05530.jpg,1,real
60267.jpg,1,real
26051.jpg,1,real
02420.jpg,1,real
15185.jpg,1,real
11892.jpg,1,real
51113.jpg,1,real
14622.jpg,1,real
04992.jpg,1,real
14911.jpg,1,real
43859.jpg,1,real
22620.jpg,1,real
10123.jpg,1,real
07862.jpg,1,real
46760.jpg,1,real
34561.jpg,1,real
18590.jpg,1,real
31223.jpg,1,real
50680.jpg,1,real
52336.jpg,1,real
63894.jpg,1,real
25180.jpg,1,real
05420.jpg,1,real
64028.jpg,1,real
31988.jpg,1,real
38340.jpg,1,real
22929.jpg,1,real
53231.jpg,1,real
55561.jpg,1,real
03351.jpg,1,real
12992.jpg,1,real
37240.jpg,1,real
09413.jpg,1,real
57458.jpg,1,real
20192.jpg,1,real
64755.jpg,1,real
26487.jpg,1,real
13962.jpg,1,real
06280.jpg,1,real
08398.jpg,1,real
11600.jpg,1,real
62315.jpg,1,real
63444.jpg,1,real
24564.jpg,1,real
38207.jpg,1,real
27985.jpg,1,real
63606.jpg,1,real
01789.jpg,1,real
67217.jpg,1,real
63759.jpg,1,real
47879.jpg,1,real
10911.jpg,1,real
03728.jpg,1,real
41211.jpg,1,real
69015.jpg,1,real
57355.jpg,1,real
21604.jpg,1,real
39538.jpg,1,real
41532.jpg,1,real
49170.jpg,1,real
44752.jpg,1,real
30474.jpg,1,real
20045.jpg,1,real
07513.jpg,1,real
44245.jpg,1,real
06759.jpg,1,real
01387.jpg,1,real
69359.jpg,1,real
57081.jpg,1,real
49040.jpg,1,real
40324.jpg,1,real
59184.jpg,1,real
51106.jpg,1,real
22503.jpg,1,real
40152.jpg,1,real
39176.jpg,1,real
59010.jpg,1,real
02137.jpg,1,real
11298.jpg,1,real
35674.jpg,1,real
66580.jpg,1,real
46491.jpg,1,real
06023.jpg,1,real
32459.jpg,1,real
37373.jpg,1,real
64075.jpg,1,real
67329.jpg,1,real
19541.jpg,1,real
10079.jpg,1,real
06695.jpg,1,real
69491.jpg,1,real
26942.jpg,1,real
39787.jpg,1,real
04623.jpg,1,real
05972.jpg,1,real
22243.jpg,1,real
56905.jpg,1,real
67626.jpg,1,real
11255.jpg,1,real
36834.jpg,1,real
35201.jpg,1,real
03244.jpg,1,real
57557.jpg,1,real
01673.jpg,1,real
56760.jpg,1,real
46029.jpg,1,real
64901.jpg,1,real
44093.jpg,1,real
45939.jpg,1,real
56051.jpg,1,real
09186.jpg,1,real
31979.jpg,1,real
46438.jpg,1,real
15638.jpg,1,real
46609.jpg,1,real
12968.jpg,1,real
00334.jpg,1,real
64582.jpg,1,real
67307.jpg,1,real
18286.jpg,1,real
29101.jpg,1,real
36943.jpg,1,real
13560.jpg,1,real
61845.jpg,1,real
40591.jpg,1,real
29883.jpg,1,real
02029.jpg,1,real
13911.jpg,1,real
00943.jpg,1,real
09117.jpg,1,real
65138.jpg,1,real
18495.jpg,1,real
55738.jpg,1,real
63006.jpg,1,real
51282.jpg,1,real
54860.jpg,1,real
55822.jpg,1,real
02823.jpg,1,real
52350.jpg,1,real
59853.jpg,1,real
40240.jpg,1,real
19284.jpg,1,real
10933.jpg,1,real
20862.jpg,1,real
23509.jpg,1,real
64953.jpg,1,real
31409.jpg,1,real
22651.jpg,1,real
47935.jpg,1,real
15357.jpg,1,real
58547.jpg,1,real
51864.jpg,1,real
48296.jpg,1,real
54839.jpg,1,real
66074.jpg,1,real
42632.jpg,1,real
06784.jpg,1,real
16820.jpg,1,real
03281.jpg,1,real
54297.jpg,1,real
65716.jpg,1,real
40818.jpg,1,real
62426.jpg,1,real
17962.jpg,1,real
06795.jpg,1,real
04869.jpg,1,real
34453.jpg,1,real
18727.jpg,1,real
04269.jpg,1,real
04734.jpg,1,real
14475.jpg,1,real
66680.jpg,1,real
45172.jpg,1,real
15843.jpg,1,real
05639.jpg,1,real
36815.jpg,1,real
36099.jpg,1,real
12233.jpg,1,real
38551.jpg,1,real
12574.jpg,1,real
67136.jpg,1,real
01938.jpg,1,real
67629.jpg,1,real
69751.jpg,1,real
08294.jpg,1,real
56970.jpg,1,real
33867.jpg,1,real
46249.jpg,1,real
19341.jpg,1,real
30850.jpg,1,real
31262.jpg,1,real
35082.jpg,1,real
16848.jpg,1,real
62962.jpg,1,real
59082.jpg,1,real
09556.jpg,1,real
00249.jpg,1,real
56498.jpg,1,real
69271.jpg,1,real
26823.jpg,1,real
18938.jpg,1,real
19953.jpg,1,real
59747.jpg,1,real
50348.jpg,1,real
69335.jpg,1,real
18966.jpg,1,real
10948.jpg,1,real
51235.jpg,1,real
18919.jpg,1,real
56197.jpg,1,real
68939.jpg,1,real
09619.jpg,1,real
51742.jpg,1,real
67161.jpg,1,real
37718.jpg,1,real
05308.jpg,1,real
33933.jpg,1,real
30299.jpg,1,real
19355.jpg,1,real
22035.jpg,1,real
62629.jpg,1,real
15543.jpg,1,real
01694.jpg,1,real
67027.jpg,1,real
26073.jpg,1,real
14405.jpg,1,real
24497.jpg,1,real
52860.jpg,1,real
64425.jpg,1,real
10670.jpg,1,real
16254.jpg,1,real
67452.jpg,1,real
49097.jpg,1,real
20145.jpg,1,real
44303.jpg,1,real
58365.jpg,1,real
68075.jpg,1,real
51962.jpg,1,real
30798.jpg,1,real
23105.jpg,1,real
46674.jpg,1,real
18853.jpg,1,real
21399.jpg,1,real
03596.jpg,1,real
57402.jpg,1,real
49675.jpg,1,real
08721.jpg,1,real
30515.jpg,1,real
11967.jpg,1,real
47900.jpg,1,real
47651.jpg,1,real
67985.jpg,1,real
03031.jpg,1,real
60729.jpg,1,real
62552.jpg,1,real
18778.jpg,1,real
38333.jpg,1,real
56667.jpg,1,real
58848.jpg,1,real
52732.jpg,1,real
61388.jpg,1,real
65498.jpg,1,real
35878.jpg,1,real
40398.jpg,1,real
22414.jpg,1,real
02760.jpg,1,real
31091.jpg,1,real
64951.jpg,1,real
20063.jpg,1,real
53080.jpg,1,real
16386.jpg,1,real
69232.jpg,1,real
23066.jpg,1,real
24102.jpg,1,real
59627.jpg,1,real
09576.jpg,1,real
37725.jpg,1,real
32995.jpg,1,real
02211.jpg,1,real
20703.jpg,1,real
67844.jpg,1,real
58818.jpg,1,real
16475.jpg,1,real
19848.jpg,1,real
04640.jpg,1,real
37829.jpg,1,real
17473.jpg,1,real
21313.jpg,1,real
60138.jpg,1,real
28316.jpg,1,real
63436.jpg,1,real
38254.jpg,1,real
47403.jpg,1,real
17500.jpg,1,real
26720.jpg,1,real
22923.jpg,1,real
59738.jpg,1,real
17260.jpg,1,real
34618.jpg,1,real
66385.jpg,1,real
17689.jpg,1,real
16051.jpg,1,real
27652.jpg,1,real
16761.jpg,1,real
42156.jpg,1,real
27717.jpg,1,real
50221.jpg,1,real
66803.jpg,1,real
57449.jpg,1,real
61435.jpg,1,real
33978.jpg,1,real
26425.jpg,1,real
35888.jpg,1,real
65529.jpg,1,real
05873.jpg,1,real
66151.jpg,1,real
32039.jpg,1,real
13042.jpg,1,real
03191.jpg,1,real
50025.jpg,1,real
53900.jpg,1,real
50147.jpg,1,real
52784.jpg,1,real
39661.jpg,1,real
05599.jpg,1,real
52679.jpg,1,real
37887.jpg,1,real
54404.jpg,1,real
58850.jpg,1,real
58594.jpg,1,real
05276.jpg,1,real
01869.jpg,1,real
17007.jpg,1,real
31961.jpg,1,real
46484.jpg,1,real
06908.jpg,1,real
57618.jpg,1,real
63866.jpg,1,real
30854.jpg,1,real
01252.jpg,1,real
03362.jpg,1,real
24941.jpg,1,real
05934.jpg,1,real
24552.jpg,1,real
04074.jpg,1,real
60110.jpg,1,real
61208.jpg,1,real
30178.jpg,1,real
58906.jpg,1,real
17771.jpg,1,real
19175.jpg,1,real
06761.jpg,1,real
59764.jpg,1,real
31072.jpg,1,real
54005.jpg,1,real
30303.jpg,1,real
18222.jpg,1,real
51218.jpg,1,real
52941.jpg,1,real
05982.jpg,1,real
13276.jpg,1,real
61213.jpg,1,real
24527.jpg,1,real
56718.jpg,1,real
04527.jpg,1,real
32724.jpg,1,real
47162.jpg,1,real
66401.jpg,1,real
11280.jpg,1,real
13204.jpg,1,real
64969.jpg,1,real
34021.jpg,1,real
21761.jpg,1,real
43693.jpg,1,real
33445.jpg,1,real
07361.jpg,1,real
57611.jpg,1,real
31033.jpg,1,real
60867.jpg,1,real
13893.jpg,1,real
48060.jpg,1,real
10797.jpg,1,real
52353.jpg,1,real
33763.jpg,1,real
39257.jpg,1,real
64938.jpg,1,real
25215.jpg,1,real
37282.jpg,1,real
54866.jpg,1,real
02452.jpg,1,real
14813.jpg,1,real
21688.jpg,1,real
03761.jpg,1,real
16983.jpg,1,real
17014.jpg,1,real
25434.jpg,1,real
20328.jpg,1,real
22769.jpg,1,real
47979.jpg,1,real
42119.jpg,1,real
64329.jpg,1,real
68828.jpg,1,real
33910.jpg,1,real
58969.jpg,1,real
01698.jpg,1,real
64224.jpg,1,real
10057.jpg,1,real
34434.jpg,1,real
23410.jpg,1,real
52810.jpg,1,real
52259.jpg,1,real
39204.jpg,1,real
65931.jpg,1,real
56503.jpg,1,real
57164.jpg,1,real
08059.jpg,1,real
64399.jpg,1,real
61309.jpg,1,real
01895.jpg,1,real
07130.jpg,1,real
32091.jpg,1,real
60428.jpg,1,real
19154.jpg,1,real
00935.jpg,1,real
27801.jpg,1,real
35205.jpg,1,real
25452.jpg,1,real
01167.jpg,1,real
06528.jpg,1,real
13370.jpg,1,real
46516.jpg,1,real
55885.jpg,1,real
46698.jpg,1,real
13455.jpg,1,real
41824.jpg,1,real
07045.jpg,1,real
31898.jpg,1,real
61516.jpg,1,real
53513.jpg,1,real
28984.jpg,1,real
38612.jpg,1,real
52162.jpg,1,real
43104.jpg,1,real
03193.jpg,1,real
11128.jpg,1,real
32536.jpg,1,real
49750.jpg,1,real
59895.jpg,1,real
32666.jpg,1,real
47569.jpg,1,real
13646.jpg,1,real
04529.jpg,1,real
21656.jpg,1,real
16528.jpg,1,real
47835.jpg,1,real
13759.jpg,1,real
10060.jpg,1,real
30578.jpg,1,real
43725.jpg,1,real
02313.jpg,1,real
20803.jpg,1,real
22442.jpg,1,real
04789.jpg,1,real
45401.jpg,1,real
67507.jpg,1,real
21129.jpg,1,real
40173.jpg,1,real
16819.jpg,1,real
35573.jpg,1,real
38784.jpg,1,real
27198.jpg,1,real
30552.jpg,1,real
28160.jpg,1,real
44611.jpg,1,real
27124.jpg,1,real
54430.jpg,1,real
45979.jpg,1,real
00866.jpg,1,real
47335.jpg,1,real
56230.jpg,1,real
15625.jpg,1,real
17145.jpg,1,real
36164.jpg,1,real
68722.jpg,1,real
19249.jpg,1,real
44563.jpg,1,real
52042.jpg,1,real
40569.jpg,1,real
68555.jpg,1,real
23200.jpg,1,real
14230.jpg,1,real
46510.jpg,1,real
24287.jpg,1,real
33285.jpg,1,real
43881.jpg,1,real
00387.jpg,1,real
00241.jpg,1,real
03332.jpg,1,real
16842.jpg,1,real
14194.jpg,1,real
44568.jpg,1,real
25605.jpg,1,real
30971.jpg,1,real
25913.jpg,1,real
00701.jpg,1,real
07660.jpg,1,real
68603.jpg,1,real
34175.jpg,1,real
53158.jpg,1,real
11337.jpg,1,real
05572.jpg,1,real
03380.jpg,1,real
23457.jpg,1,real
32190.jpg,1,real
48264.jpg,1,real
32619.jpg,1,real
24681.jpg,1,real
10395.jpg,1,real
14584.jpg,1,real
14962.jpg,1,real
32961.jpg,1,real
54015.jpg,1,real
56513.jpg,1,real
63613.jpg,1,real
40255.jpg,1,real
38976.jpg,1,real
04070.jpg,1,real
61745.jpg,1,real
09112.jpg,1,real
60841.jpg,1,real
27448.jpg,1,real
12795.jpg,1,real
39645.jpg,1,real
25728.jpg,1,real
50567.jpg,1,real
51997.jpg,1,real
58619.jpg,1,real
36926.jpg,1,real
51140.jpg,1,real
68871.jpg,1,real
07916.jpg,1,real
32772.jpg,1,real
22501.jpg,1,real
44313.jpg,1,real
06356.jpg,1,real
01339.jpg,1,real
44710.jpg,1,real
37371.jpg,1,real
02515.jpg,1,real
53240.jpg,1,real
17173.jpg,1,real
12388.jpg,1,real
68952.jpg,1,real
66461.jpg,1,real
24847.jpg,1,real
25994.jpg,1,real
38898.jpg,1,real
16649.jpg,1,real
00009.jpg,1,real
09341.jpg,1,real
33170.jpg,1,real
58300.jpg,1,real
44973.jpg,1,real
42764.jpg,1,real
12879.jpg,1,real
59152.jpg,1,real
52060.jpg,1,real
17359.jpg,1,real
50696.jpg,1,real
44965.jpg,1,real
19982.jpg,1,real
57801.jpg,1,real
27930.jpg,1,real
60073.jpg,1,real
13666.jpg,1,real
19022.jpg,1,real
17953.jpg,1,real
42082.jpg,1,real
34045.jpg,1,real
57615.jpg,1,real
41034.jpg,1,real
01747.jpg,1,real
04610.jpg,1,real
38759.jpg,1,real
20467.jpg,1,real
41286.jpg,1,real
10008.jpg,1,real
17114.jpg,1,real
36778.jpg,1,real
48289.jpg,1,real
62986.jpg,1,real
31308.jpg,1,real
53417.jpg,1,real
22942.jpg,1,real
35389.jpg,1,real
33228.jpg,1,real
63646.jpg,1,real
02926.jpg,1,real
14535.jpg,1,real
30235.jpg,1,real
34974.jpg,1,real
16373.jpg,1,real
00792.jpg,1,real
58741.jpg,1,real
08448.jpg,1,real
02979.jpg,1,real
30797.jpg,1,real
14751.jpg,1,real
15660.jpg,1,real
16500.jpg,1,real
26822.jpg,1,real
11932.jpg,1,real
19965.jpg,1,real
02425.jpg,1,real
43524.jpg,1,real
32317.jpg,1,real
54959.jpg,1,real
23290.jpg,1,real
60995.jpg,1,real
63227.jpg,1,real
13127.jpg,1,real
16605.jpg,1,real
40209.jpg,1,real
19399.jpg,1,real
40853.jpg,1,real
28761.jpg,1,real
43726.jpg,1,real
53419.jpg,1,real
61236.jpg,1,real
43910.jpg,1,real
18399.jpg,1,real
26669.jpg,1,real
14852.jpg,1,real
50815.jpg,1,real
30025.jpg,1,real
48734.jpg,1,real
00741.jpg,1,real
43346.jpg,1,real
04475.jpg,1,real
11912.jpg,1,real
16828.jpg,1,real
44588.jpg,1,real
66253.jpg,1,real
60224.jpg,1,real
49607.jpg,1,real
37211.jpg,1,real
28392.jpg,1,real
53582.jpg,1,real
13273.jpg,1,real
62346.jpg,1,real
09744.jpg,1,real
31721.jpg,1,real
41462.jpg,1,real
21008.jpg,1,real
12764.jpg,1,real
30350.jpg,1,real
10808.jpg,1,real
21073.jpg,1,real
49682.jpg,1,real
28890.jpg,1,real
13713.jpg,1,real
15110.jpg,1,real
63225.jpg,1,real
47589.jpg,1,real
29129.jpg,1,real
03714.jpg,1,real
13378.jpg,1,real
37160.jpg,1,real
66720.jpg,1,real
29640.jpg,1,real
64309.jpg,1,real
37923.jpg,1,real
63102.jpg,1,real
12725.jpg,1,real
61160.jpg,1,real
13290.jpg,1,real
63146.jpg,1,real
25004.jpg,1,real
33087.jpg,1,real
20156.jpg,1,real
61238.jpg,1,real
36482.jpg,1,real
43121.jpg,1,real
33657.jpg,1,real
08621.jpg,1,real
02522.jpg,1,real
10259.jpg,1,real
18431.jpg,1,real
17707.jpg,1,real
42135.jpg,1,real
20519.jpg,1,real
21288.jpg,1,real
55750.jpg,1,real
03197.jpg,1,real
57358.jpg,1,real
35231.jpg,1,real
51244.jpg,1,real
12981.jpg,1,real
02651.jpg,1,real
47298.jpg,1,real
68808.jpg,1,real
00525.jpg,1,real
62163.jpg,1,real
66663.jpg,1,real
16674.jpg,1,real
67153.jpg,1,real
49781.jpg,1,real
31485.jpg,1,real
42849.jpg,1,real
01881.jpg,1,real
34109.jpg,1,real
12234.jpg,1,real
60751.jpg,1,real
29127.jpg,1,real
61586.jpg,1,real
59555.jpg,1,real
42990.jpg,1,real
42285.jpg,1,real
14588.jpg,1,real
44138.jpg,1,real
22905.jpg,1,real
69071.jpg,1,real
66850.jpg,1,real
69456.jpg,1,real
62612.jpg,1,real
64789.jpg,1,real
38965.jpg,1,real
60114.jpg,1,real
11445.jpg,1,real
41268.jpg,1,real
04147.jpg,1,real
50985.jpg,1,real
29508.jpg,1,real
60824.jpg,1,real
35780.jpg,1,real
07821.jpg,1,real
16341.jpg,1,real
42604.jpg,1,real
08790.jpg,1,real
04607.jpg,1,real
64351.jpg,1,real
57369.jpg,1,real
37385.jpg,1,real
59329.jpg,1,real
25797.jpg,1,real
53351.jpg,1,real
63906.jpg,1,real
08342.jpg,1,real
06299.jpg,1,real
14905.jpg,1,real
28610.jpg,1,real
08053.jpg,1,real
45566.jpg,1,real
17582.jpg,1,real
66056.jpg,1,real
55417.jpg,1,real
01993.jpg,1,real
48162.jpg,1,real
08443.jpg,1,real
60956.jpg,1,real
09747.jpg,1,real
12028.jpg,1,real
33904.jpg,1,real
38876.jpg,1,real
31296.jpg,1,real
09471.jpg,1,real
09203.jpg,1,real
38086.jpg,1,real
53894.jpg,1,real
10922.jpg,1,real
28852.jpg,1,real
12513.jpg,1,real
63846.jpg,1,real
18338.jpg,1,real
54250.jpg,1,real
48382.jpg,1,real
17249.jpg,1,real
45948.jpg,1,real
61826.jpg,1,real
55933.jpg,1,real
56650.jpg,1,real
66236.jpg,1,real
63920.jpg,1,real
10656.jpg,1,real
21717.jpg,1,real
24165.jpg,1,real
33082.jpg,1,real
34588.jpg,1,real
68281.jpg,1,real
57505.jpg,1,real
57320.jpg,1,real
09454.jpg,1,real
68566.jpg,1,real
57186.jpg,1,real
40523.jpg,1,real
54578.jpg,1,real
65807.jpg,1,real
11909.jpg,1,real
30941.jpg,1,real
15491.jpg,1,real
15577.jpg,1,real
51624.jpg,1,real
01383.jpg,1,real
38153.jpg,1,real
39164.jpg,1,real
28894.jpg,1,real
39830.jpg,1,real
04602.jpg,1,real
06657.jpg,1,real
01935.jpg,1,real
38533.jpg,1,real
42841.jpg,1,real
37090.jpg,1,real
07141.jpg,1,real
09952.jpg,1,real
17858.jpg,1,real
37926.jpg,1,real
55685.jpg,1,real
57021.jpg,1,real
62501.jpg,1,real
64157.jpg,1,real
46915.jpg,1,real
25612.jpg,1,real
50754.jpg,1,real
47976.jpg,1,real
44823.jpg,1,real
26971.jpg,1,real
09659.jpg,1,real
54476.jpg,1,real
05480.jpg,1,real
35870.jpg,1,real
49132.jpg,1,real
03038.jpg,1,real
62940.jpg,1,real
07877.jpg,1,real
46940.jpg,1,real
55251.jpg,1,real
11987.jpg,1,real
06467.jpg,1,real
26675.jpg,1,real
39214.jpg,1,real
41309.jpg,1,real
43898.jpg,1,real
35457.jpg,1,real
12861.jpg,1,real
35587.jpg,1,real
42018.jpg,1,real
12825.jpg,1,real
32228.jpg,1,real
56109.jpg,1,real
68577.jpg,1,real
20437.jpg,1,real
43218.jpg,1,real
27909.jpg,1,real
13293.jpg,1,real
02911.jpg,1,real
08339.jpg,1,real
34620.jpg,1,real
02964.jpg,1,real
53025.jpg,1,real
28412.jpg,1,real
58667.jpg,1,real
56248.jpg,1,real
56582.jpg,1,real
61880.jpg,1,real
16883.jpg,1,real
37502.jpg,1,real
60002.jpg,1,real
00057.jpg,1,real
22543.jpg,1,real
31737.jpg,1,real
51032.jpg,1,real
16592.jpg,1,real
52322.jpg,1,real
52666.jpg,1,real
55087.jpg,1,real
25006.jpg,1,real
18680.jpg,1,real
57763.jpg,1,real
19682.jpg,1,real
59151.jpg,1,real
68216.jpg,1,real
48759.jpg,1,real
48828.jpg,1,real
29122.jpg,1,real
32175.jpg,1,real
39121.jpg,1,real
33307.jpg,1,real
24865.jpg,1,real
17204.jpg,1,real
66757.jpg,1,real
23468.jpg,1,real
30068.jpg,1,real
01627.jpg,1,real
04446.jpg,1,real
02708.jpg,1,real
34947.jpg,1,real
38825.jpg,1,real
06684.jpg,1,real
36318.jpg,1,real
40778.jpg,1,real
50605.jpg,1,real
43555.jpg,1,real
53948.jpg,1,real
39035.jpg,1,real
27584.jpg,1,real
61024.jpg,1,real
18957.jpg,1,real
21104.jpg,1,real
60497.jpg,1,real
57211.jpg,1,real
55234.jpg,1,real
35856.jpg,1,real
04096.jpg,1,real
39504.jpg,1,real
46134.jpg,1,real
32537.jpg,1,real
29451.jpg,1,real
59722.jpg,1,real
24612.jpg,1,real
04024.jpg,1,real
60132.jpg,1,real
24716.jpg,1,real
42514.jpg,1,real
55815.jpg,1,real
69172.jpg,1,real
55010.jpg,1,real
51875.jpg,1,real
46547.jpg,1,real
38321.jpg,1,real
69890.jpg,1,real
58469.jpg,1,real
56043.jpg,1,real
29276.jpg,1,real
58923.jpg,1,real
30830.jpg,1,real
69566.jpg,1,real
01230.jpg,1,real
24381.jpg,1,real
25911.jpg,1,real
69789.jpg,1,real
25149.jpg,1,real
33141.jpg,1,real
42209.jpg,1,real
26105.jpg,1,real
53889.jpg,1,real
61414.jpg,1,real
62373.jpg,1,real
44557.jpg,1,real
12459.jpg,1,real
56700.jpg,1,real
01482.jpg,1,real
08964.jpg,1,real
60993.jpg,1,real
38662.jpg,1,real
12061.jpg,1,real
51221.jpg,1,real
05026.jpg,1,real
56613.jpg,1,real
23653.jpg,1,real
35068.jpg,1,real
37317.jpg,1,real
43721.jpg,1,real
02724.jpg,1,real
58715.jpg,1,real
36909.jpg,1,real
00722.jpg,1,real
33002.jpg,1,real
54170.jpg,1,real
35046.jpg,1,real
53337.jpg,1,real
32566.jpg,1,real
37973.jpg,1,real
26872.jpg,1,real
36292.jpg,1,real
40437.jpg,1,real
44680.jpg,1,real
41094.jpg,1,real
68058.jpg,1,real
61422.jpg,1,real
22434.jpg,1,real
41023.jpg,1,real
02110.jpg,1,real
44404.jpg,1,real
07882.jpg,1,real
10179.jpg,1,real
08442.jpg,1,real
05220.jpg,1,real
58868.jpg,1,real
25510.jpg,1,real
31044.jpg,1,real
09735.jpg,1,real
05368.jpg,1,real
46626.jpg,1,real
68407.jpg,1,real
03850.jpg,1,real
29237.jpg,1,real
14095.jpg,1,real
44468.jpg,1,real
52638.jpg,1,real
33944.jpg,1,real
42838.jpg,1,real
24875.jpg,1,real
28535.jpg,1,real
28849.jpg,1,real
14583.jpg,1,real
47138.jpg,1,real
10446.jpg,1,real
28194.jpg,1,real
57636.jpg,1,real
01354.jpg,1,real
20442.jpg,1,real
55639.jpg,1,real
16025.jpg,1,real
16115.jpg,1,real
38241.jpg,1,real
54794.jpg,1,real
45703.jpg,1,real
65457.jpg,1,real
59216.jpg,1,real
32638.jpg,1,real
41381.jpg,1,real
65494.jpg,1,real
34479.jpg,1,real
28814.jpg,1,real
59495.jpg,1,real
59841.jpg,1,real
47593.jpg,1,real
64064.jpg,1,real
32123.jpg,1,real
51231.jpg,1,real
30044.jpg,1,real
02581.jpg,1,real
64689.jpg,1,real
00366.jpg,1,real
24779.jpg,1,real
28644.jpg,1,real
33874.jpg,1,real
05315.jpg,1,real
57610.jpg,1,real
53196.jpg,1,real
00000.jpg,1,real
50424.jpg,1,real
55030.jpg,1,real
65300.jpg,1,real
31388.jpg,1,real
06643.jpg,1,real
10855.jpg,1,real
56792.jpg,1,real
35990.jpg,1,real
47660.jpg,1,real
39999.jpg,1,real
58226.jpg,1,real
36218.jpg,1,real
62457.jpg,1,real
20027.jpg,1,real
26710.jpg,1,real
11804.jpg,1,real
07431.jpg,1,real
19392.jpg,1,real
56822.jpg,1,real
63917.jpg,1,real
61121.jpg,1,real
39883.jpg,1,real
66839.jpg,1,real
57050.jpg,1,real
28056.jpg,1,real
11702.jpg,1,real
69824.jpg,1,real
00559.jpg,1,real
59608.jpg,1,real
55550.jpg,1,real
16902.jpg,1,real
39950.jpg,1,real
08557.jpg,1,real
06893.jpg,1,real
45170.jpg,1,real
32516.jpg,1,real
09850.jpg,1,real
22482.jpg,1,real
22175.jpg,1,real
37989.jpg,1,real
32206.jpg,1,real
12629.jpg,1,real
59114.jpg,1,real
01479.jpg,1,real
69682.jpg,1,real
55576.jpg,1,real
10787.jpg,1,real
01568.jpg,1,real
32778.jpg,1,real
12074.jpg,1,real
63717.jpg,1,real
04379.jpg,1,real
40433.jpg,1,real
35744.jpg,1,real
36608.jpg,1,real
01147.jpg,1,real
07939.jpg,1,real
62087.jpg,1,real
44055.jpg,1,real
35183.jpg,1,real
17164.jpg,1,real
24504.jpg,1,real
41498.jpg,1,real
17560.jpg,1,real
55838.jpg,1,real
45978.jpg,1,real
20238.jpg,1,real
54795.jpg,1,real
67421.jpg,1,real
22521.jpg,1,real
62964.jpg,1,real
00135.jpg,1,real
23526.jpg,1,real
33860.jpg,1,real
58024.jpg,1,real
31087.jpg,1,real
14302.jpg,1,real
43793.jpg,1,real
52558.jpg,1,real
68884.jpg,1,real
06300.jpg,1,real
58934.jpg,1,real
49901.jpg,1,real
49219.jpg,1,real
11845.jpg,1,real
55344.jpg,1,real
62970.jpg,1,real
62831.jpg,1,real
23160.jpg,1,real
69486.jpg,1,real
42473.jpg,1,real
35827.jpg,1,real
14567.jpg,1,real
69644.jpg,1,real
33042.jpg,1,real
00398.jpg,1,real
64180.jpg,1,real
66419.jpg,1,real
43277.jpg,1,real
34425.jpg,1,real
59547.jpg,1,real
68776.jpg,1,real
02640.jpg,1,real
63582.jpg,1,real
61696.jpg,1,real
31604.jpg,1,real
38745.jpg,1,real
62479.jpg,1,real
57742.jpg,1,real
15494.jpg,1,real
20817.jpg,1,real
56481.jpg,1,real
58366.jpg,1,real
41310.jpg,1,real
35008.jpg,1,real
31097.jpg,1,real
69405.jpg,1,real
07203.jpg,1,real
31747.jpg,1,real
01285.jpg,1,real
53708.jpg,1,real
04838.jpg,1,real
04799.jpg,1,real
43406.jpg,1,real
10597.jpg,1,real
49743.jpg,1,real
50013.jpg,1,real
34669.jpg,1,real
35883.jpg,1,real
56379.jpg,1,real
06632.jpg,1,real
23356.jpg,1,real
59995.jpg,1,real
12200.jpg,1,real
15988.jpg,1,real
14624.jpg,1,real
60391.jpg,1,real
27372.jpg,1,real
24178.jpg,1,real
12980.jpg,1,real
01133.jpg,1,real
14735.jpg,1,real
04287.jpg,1,real
36916.jpg,1,real
15735.jpg,1,real
00271.jpg,1,real
28197.jpg,1,real
63435.jpg,1,real
35902.jpg,1,real
68929.jpg,1,real
09483.jpg,1,real
15662.jpg,1,real
17441.jpg,1,real
22054.jpg,1,real
24958.jpg,1,real
68622.jpg,1,real
28308.jpg,1,real
62259.jpg,1,real
28345.jpg,1,real
56629.jpg,1,real
67232.jpg,1,real
22377.jpg,1,real
40599.jpg,1,real
24101.jpg,1,real
40434.jpg,1,real
05558.jpg,1,real
19572.jpg,1,real
17505.jpg,1,real
16887.jpg,1,real
64741.jpg,1,real
60186.jpg,1,real
50959.jpg,1,real
06333.jpg,1,real
45750.jpg,1,real
20090.jpg,1,real
27976.jpg,1,real
33249.jpg,1,real
49400.jpg,1,real
44722.jpg,1,real
05998.jpg,1,real
07120.jpg,1,real
06363.jpg,1,real
25240.jpg,1,real
53938.jpg,1,real
32270.jpg,1,real
54735.jpg,1,real
56367.jpg,1,real
02700.jpg,1,real
42910.jpg,1,real
36664.jpg,1,real
54012.jpg,1,real
19661.jpg,1,real
30913.jpg,1,real
26588.jpg,1,real
36195.jpg,1,real
02974.jpg,1,real
19742.jpg,1,real
10675.jpg,1,real
67061.jpg,1,real
56372.jpg,1,real
00176.jpg,1,real
59398.jpg,1,real
59793.jpg,1,real
06287.jpg,1,real
06367.jpg,1,real
64952.jpg,1,real
63472.jpg,1,real
16832.jpg,1,real
63512.jpg,1,real
67132.jpg,1,real
05864.jpg,1,real
37994.jpg,1,real
27487.jpg,1,real
07839.jpg,1,real
07432.jpg,1,real
22204.jpg,1,real
23079.jpg,1,real
07860.jpg,1,real
37068.jpg,1,real
46889.jpg,1,real
35062.jpg,1,real
48766.jpg,1,real
37915.jpg,1,real
60047.jpg,1,real
43271.jpg,1,real
64459.jpg,1,real
27901.jpg,1,real
06400.jpg,1,real
18011.jpg,1,real
68584.jpg,1,real
69560.jpg,1,real
67681.jpg,1,real
26233.jpg,1,real
37330.jpg,1,real
19705.jpg,1,real
42673.jpg,1,real
19032.jpg,1,real
54987.jpg,1,real
15890.jpg,1,real
12499.jpg,1,real
38933.jpg,1,real
12374.jpg,1,real
43238.jpg,1,real
31259.jpg,1,real
43759.jpg,1,real
07134.jpg,1,real
63728.jpg,1,real
06078.jpg,1,real
30681.jpg,1,real
09961.jpg,1,real
62966.jpg,1,real
67127.jpg,1,real
58661.jpg,1,real
31757.jpg,1,real
54874.jpg,1,real
35785.jpg,1,real
15881.jpg,1,real
28342.jpg,1,real
33597.jpg,1,real
03035.jpg,1,real
08874.jpg,1,real
34558.jpg,1,real
20052.jpg,1,real
07824.jpg,1,real
22635.jpg,1,real
44147.jpg,1,real
17854.jpg,1,real
12164.jpg,1,real
69499.jpg,1,real
05016.jpg,1,real
36760.jpg,1,real
12109.jpg,1,real
36772.jpg,1,real
39588.jpg,1,real
02384.jpg,1,real
53764.jpg,1,real
20289.jpg,1,real
25430.jpg,1,real
00642.jpg,1,real
57544.jpg,1,real
32570.jpg,1,real
67769.jpg,1,real
51439.jpg,1,real
13154.jpg,1,real
10054.jpg,1,real
30221.jpg,1,real
68749.jpg,1,real
60088.jpg,1,real
58166.jpg,1,real
03325.jpg,1,real
49831.jpg,1,real
52652.jpg,1,real
64519.jpg,1,real
05774.jpg,1,real
07363.jpg,1,real
53992.jpg,1,real
22673.jpg,1,real
35767.jpg,1,real
69075.jpg,1,real
20882.jpg,1,real
09257.jpg,1,real
08811.jpg,1,real
65885.jpg,1,real
65794.jpg,1,real
13536.jpg,1,real
26068.jpg,1,real
14582.jpg,1,real
34991.jpg,1,real
57009.jpg,1,real
49640.jpg,1,real
25795.jpg,1,real
05676.jpg,1,real
39765.jpg,1,real
01008.jpg,1,real
59328.jpg,1,real
44867.jpg,1,real
66405.jpg,1,real
20074.jpg,1,real
06498.jpg,1,real
36029.jpg,1,real
41736.jpg,1,real
31508.jpg,1,real
04572.jpg,1,real
64452.jpg,1,real
25072.jpg,1,real
42032.jpg,1,real
30755.jpg,1,real
21839.jpg,1,real
38137.jpg,1,real
67154.jpg,1,real
00598.jpg,1,real
59326.jpg,1,real
26232.jpg,1,real
10192.jpg,1,real
24100.jpg,1,real
35532.jpg,1,real
28395.jpg,1,real
35872.jpg,1,real
22889.jpg,1,real
32187.jpg,1,real
09077.jpg,1,real
17358.jpg,1,real
68940.jpg,1,real
50490.jpg,1,real
40753.jpg,1,real
04119.jpg,1,real
47912.jpg,1,real
37774.jpg,1,real
53781.jpg,1,real
61459.jpg,1,real
14057.jpg,1,real
60299.jpg,1,real
17390.jpg,1,real
41193.jpg,1,real
56522.jpg,1,real
27600.jpg,1,real
17526.jpg,1,real
24155.jpg,1,real
30393.jpg,1,real
55797.jpg,1,real
47527.jpg,1,real
09840.jpg,1,real
46103.jpg,1,real
40236.jpg,1,real
18588.jpg,1,real
17571.jpg,1,real
07020.jpg,1,real
67510.jpg,1,real
12679.jpg,1,real
58411.jpg,1,real
57899.jpg,1,real
08865.jpg,1,real
16726.jpg,1,real
56799.jpg,1,real
58221.jpg,1,real
49919.jpg,1,real
11059.jpg,1,real
35520.jpg,1,real
02896.jpg,1,real
30466.jpg,1,real
50332.jpg,1,real
25714.jpg,1,real
24421.jpg,1,real
69945.jpg,1,real
63593.jpg,1,real
51638.jpg,1,real
45098.jpg,1,real
19619.jpg,1,real
13332.jpg,1,real
45329.jpg,1,real
16671.jpg,1,real
59727.jpg,1,real
45009.jpg,1,real
43963.jpg,1,real
56098.jpg,1,real
66653.jpg,1,real
57973.jpg,1,real
60925.jpg,1,real
06694.jpg,1,real
58060.jpg,1,real
46069.jpg,1,real
27845.jpg,1,real
00292.jpg,1,real
66511.jpg,1,real
26129.jpg,1,real
22127.jpg,1,real
27465.jpg,1,real
12523.jpg,1,real
37270.jpg,1,real
52672.jpg,1,real
02732.jpg,1,real
44809.jpg,1,real
12907.jpg,1,real
63948.jpg,1,real
61165.jpg,1,real
38239.jpg,1,real
54513.jpg,1,real
38035.jpg,1,real
36817.jpg,1,real
08308.jpg,1,real
14457.jpg,1,real
11370.jpg,1,real
38056.jpg,1,real
16389.jpg,1,real
44510.jpg,1,real
46454.jpg,1,real
43254.jpg,1,real
29566.jpg,1,real
63549.jpg,1,real
60719.jpg,1,real
59701.jpg,1,real
17423.jpg,1,real
21370.jpg,1,real
28622.jpg,1,real
43305.jpg,1,real
51332.jpg,1,real
45054.jpg,1,real
20311.jpg,1,real
12013.jpg,1,real
35273.jpg,1,real
48672.jpg,1,real
51415.jpg,1,real
31823.jpg,1,real
66375.jpg,1,real
56677.jpg,1,real
29307.jpg,1,real
67435.jpg,1,real
25542.jpg,1,real
66983.jpg,1,real
60016.jpg,1,real
19260.jpg,1,real
58875.jpg,1,real
48039.jpg,1,real
51477.jpg,1,real
36532.jpg,1,real
25637.jpg,1,real
32031.jpg,1,real
27153.jpg,1,real
41513.jpg,1,real
26251.jpg,1,real
01323.jpg,1,real
18337.jpg,1,real
51900.jpg,1,real
55809.jpg,1,real
63318.jpg,1,real
39227.jpg,1,real
66165.jpg,1,real
37004.jpg,1,real
09692.jpg,1,real
12039.jpg,1,real
03287.jpg,1,real
51344.jpg,1,real
47624.jpg,1,real
19857.jpg,1,real
27573.jpg,1,real
66805.jpg,1,real
24379.jpg,1,real
60809.jpg,1,real
12020.jpg,1,real
06926.jpg,1,real
23947.jpg,1,real
54533.jpg,1,real
60116.jpg,1,real
11750.jpg,1,real
12029.jpg,1,real
42095.jpg,1,real
01630.jpg,1,real
44590.jpg,1,real
32160.jpg,1,real
31370.jpg,1,real
19153.jpg,1,real
42689.jpg,1,real
08653.jpg,1,real
52136.jpg,1,real
26246.jpg,1,real
69604.jpg,1,real
38423.jpg,1,real
50872.jpg,1,real
32691.jpg,1,real
29485.jpg,1,real
00962.jpg,1,real
31157.jpg,1,real
20893.jpg,1,real
26045.jpg,1,real
48181.jpg,1,real
59175.jpg,1,real
41772.jpg,1,real
13162.jpg,1,real
11334.jpg,1,real
55342.jpg,1,real
54750.jpg,1,real
50577.jpg,1,real
27674.jpg,1,real
59379.jpg,1,real
34889.jpg,1,real
03101.jpg,1,real
65378.jpg,1,real
28081.jpg,1,real
64432.jpg,1,real
54379.jpg,1,real
35524.jpg,1,real
14504.jpg,1,real
23485.jpg,1,real
41327.jpg,1,real
37428.jpg,1,real
49149.jpg,1,real
45689.jpg,1,real
68861.jpg,1,real
41582.jpg,1,real
26831.jpg,1,real
64922.jpg,1,real
53670.jpg,1,real
52739.jpg,1,real
58364.jpg,1,real
05687.jpg,1,real
51764.jpg,1,real
65164.jpg,1,real
66048.jpg,1,real
55782.jpg,1,real
10139.jpg,1,real
17415.jpg,1,real
36538.jpg,1,real
45163.jpg,1,real
33708.jpg,1,real
58321.jpg,1,real
30782.jpg,1,real
27355.jpg,1,real
00499.jpg,1,real
32655.jpg,1,real
51976.jpg,1,real
26634.jpg,1,real
58223.jpg,1,real
66705.jpg,1,real
02357.jpg,1,real
49127.jpg,1,real
38984.jpg,1,real
25530.jpg,1,real
59956.jpg,1,real
37621.jpg,1,real
15170.jpg,1,real
13717.jpg,1,real
17363.jpg,1,real
39452.jpg,1,real
05156.jpg,1,real
04160.jpg,1,real
54843.jpg,1,real
40623.jpg,1,real
08909.jpg,1,real
21335.jpg,1,real
47918.jpg,1,real
37527.jpg,1,real
01963.jpg,1,real
61301.jpg,1,real
31524.jpg,1,real
05627.jpg,1,real
18978.jpg,1,real
55585.jpg,1,real
47065.jpg,1,real
34076.jpg,1,real
03371.jpg,1,real
39125.jpg,1,real
64319.jpg,1,real
05478.jpg,1,real
01620.jpg,1,real
09537.jpg,1,real
42419.jpg,1,real
18490.jpg,1,real
59315.jpg,1,real
06304.jpg,1,real
62672.jpg,1,real
10792.jpg,1,real
46008.jpg,1,real
56606.jpg,1,real
30710.jpg,1,real
26883.jpg,1,real
69655.jpg,1,real
22753.jpg,1,real
04224.jpg,1,real
09456.jpg,1,real
18611.jpg,1,real
23340.jpg,1,real
39824.jpg,1,real
68727.jpg,1,real
07212.jpg,1,real
63962.jpg,1,real
54480.jpg,1,real
53562.jpg,1,real
00979.jpg,1,real
16971.jpg,1,real
12008.jpg,1,real
58951.jpg,1,real
27497.jpg,1,real
15456.jpg,1,real
67250.jpg,1,real
49755.jpg,1,real
27295.jpg,1,real
65470.jpg,1,real
29082.jpg,1,real
69492.jpg,1,real
19311.jpg,1,real
46489.jpg,1,real
40674.jpg,1,real
47216.jpg,1,real
10880.jpg,1,real
68361.jpg,1,real
01770.jpg,1,real
11510.jpg,1,real
66038.jpg,1,real
11375.jpg,1,real
33350.jpg,1,real
23686.jpg,1,real
57022.jpg,1,real
25874.jpg,1,real
20403.jpg,1,real
19024.jpg,1,real
59016.jpg,1,real
08272.jpg,1,real
34530.jpg,1,real
25863.jpg,1,real
07214.jpg,1,real
48030.jpg,1,real
02869.jpg,1,real
39389.jpg,1,real
44074.jpg,1,real
52778.jpg,1,real
26646.jpg,1,real
69004.jpg,1,real
53165.jpg,1,real
66751.jpg,1,real
02159.jpg,1,real
52518.jpg,1,real
36000.jpg,1,real
64757.jpg,1,real
23517.jpg,1,real
52348.jpg,1,real
08233.jpg,1,real
52139.jpg,1,real
02254.jpg,1,real
48136.jpg,1,real
23212.jpg,1,real
50422.jpg,1,real
69868.jpg,1,real
13168.jpg,1,real
57753.jpg,1,real
43151.jpg,1,real
29684.jpg,1,real
22996.jpg,1,real
31491.jpg,1,real
30038.jpg,1,real
42111.jpg,1,real
52549.jpg,1,real
36635.jpg,1,real
17169.jpg,1,real
26173.jpg,1,real
05093.jpg,1,real
35179.jpg,1,real
45394.jpg,1,real
59696.jpg,1,real
19782.jpg,1,real
25642.jpg,1,real
54519.jpg,1,real
56325.jpg,1,real
49689.jpg,1,real
10269.jpg,1,real
42767.jpg,1,real
06237.jpg,1,real
34901.jpg,1,real
53788.jpg,1,real
45201.jpg,1,real
60757.jpg,1,real
40303.jpg,1,real
17139.jpg,1,real
40718.jpg,1,real
61891.jpg,1,real
08387.jpg,1,real
06108.jpg,1,real
02068.jpg,1,real
28811.jpg,1,real
34815.jpg,1,real
60225.jpg,1,real
67188.jpg,1,real
42420.jpg,1,real
64722.jpg,1,real
47798.jpg,1,real
16554.jpg,1,real
37189.jpg,1,real
19013.jpg,1,real
02077.jpg,1,real
59358.jpg,1,real
47311.jpg,1,real
03930.jpg,1,real
51568.jpg,1,real
00612.jpg,1,real
34221.jpg,1,real
19492.jpg,1,real
16161.jpg,1,real
09698.jpg,1,real
64532.jpg,1,real
10243.jpg,1,real
24415.jpg,1,real
47328.jpg,1,real
18279.jpg,1,real
42450.jpg,1,real
64716.jpg,1,real
28401.jpg,1,real
61776.jpg,1,real
03440.jpg,1,real
39398.jpg,1,real
56225.jpg,1,real
10209.jpg,1,real
28024.jpg,1,real
36947.jpg,1,real
00966.jpg,1,real
33296.jpg,1,real
17974.jpg,1,real
20086.jpg,1,real
41496.jpg,1,real
20992.jpg,1,real
63695.jpg,1,real
44178.jpg,1,real
61250.jpg,1,real
60301.jpg,1,real
20687.jpg,1,real
18322.jpg,1,real
34870.jpg,1,real
17020.jpg,1,real
43208.jpg,1,real
43475.jpg,1,real
66008.jpg,1,real
52377.jpg,1,real
09970.jpg,1,real
65014.jpg,1,real
53495.jpg,1,real
16182.jpg,1,real
19830.jpg,1,real
45311.jpg,1,real
53886.jpg,1,real
20351.jpg,1,real
05415.jpg,1,real
56217.jpg,1,real
27064.jpg,1,real
10533.jpg,1,real
01513.jpg,1,real
26265.jpg,1,real
23891.jpg,1,real
42589.jpg,1,real
22925.jpg,1,real
21120.jpg,1,real
55332.jpg,1,real
66733.jpg,1,real
01032.jpg,1,real
12641.jpg,1,real
54406.jpg,1,real
10115.jpg,1,real
52489.jpg,1,real
16867.jpg,1,real
09671.jpg,1,real
32915.jpg,1,real
04970.jpg,1,real
53054.jpg,1,real
15689.jpg,1,real
08503.jpg,1,real
33394.jpg,1,real
17879.jpg,1,real
69074.jpg,1,real
25312.jpg,1,real
65098.jpg,1,real
63794.jpg,1,real
41924.jpg,1,real
35505.jpg,1,real
08665.jpg,1,real
38711.jpg,1,real
26255.jpg,1,real
03198.jpg,1,real
19431.jpg,1,real
16863.jpg,1,real
52660.jpg,1,real
47828.jpg,1,real
25881.jpg,1,real
67275.jpg,1,real
25223.jpg,1,real
64844.jpg,1,real
00851.jpg,1,real
16519.jpg,1,real
24023.jpg,1,real
27269.jpg,1,real
45786.jpg,1,real
46039.jpg,1,real
66804.jpg,1,real
27250.jpg,1,real
21525.jpg,1,real
20544.jpg,1,real
62817.jpg,1,real
13931.jpg,1,real
07769.jpg,1,real
51508.jpg,1,real
19668.jpg,1,real
68366.jpg,1,real
16501.jpg,1,real
67117.jpg,1,real
32831.jpg,1,real
04154.jpg,1,real
15309.jpg,1,real
47499.jpg,1,real
59369.jpg,1,real
31907.jpg,1,real
10573.jpg,1,real
63430.jpg,1,real
19063.jpg,1,real
19250.jpg,1,real
28247.jpg,1,real
37423.jpg,1,real
10644.jpg,1,real
18457.jpg,1,real
17383.jpg,1,real
45727.jpg,1,real
61337.jpg,1,real
06081.jpg,1,real
35738.jpg,1,real
52452.jpg,1,real
55193.jpg,1,real
11474.jpg,1,real
54937.jpg,1,real
13510.jpg,1,real
23318.jpg,1,real
50172.jpg,1,real
67347.jpg,1,real
68335.jpg,1,real
53084.jpg,1,real
58395.jpg,1,real
20626.jpg,1,real
61760.jpg,1,real
30935.jpg,1,real
16256.jpg,1,real
45022.jpg,1,real
40182.jpg,1,real
38503.jpg,1,real
04445.jpg,1,real
07218.jpg,1,real
66595.jpg,1,real
12745.jpg,1,real
63356.jpg,1,real
46837.jpg,1,real
00968.jpg,1,real
65703.jpg,1,real
13099.jpg,1,real
32573.jpg,1,real
09070.jpg,1,real
17518.jpg,1,real
59186.jpg,1,real
58902.jpg,1,real
36098.jpg,1,real
27476.jpg,1,real
12630.jpg,1,real
43539.jpg,1,real
06115.jpg,1,real
08411.jpg,1,real
24440.jpg,1,real
27597.jpg,1,real
21408.jpg,1,real
36623.jpg,1,real
64573.jpg,1,real
32727.jpg,1,real
52809.jpg,1,real
48651.jpg,1,real
37928.jpg,1,real
03746.jpg,1,real
38059.jpg,1,real
55224.jpg,1,real
44534.jpg,1,real
51627.jpg,1,real
08639.jpg,1,real
55200.jpg,1,real
14124.jpg,1,real
69269.jpg,1,real
55130.jpg,1,real
20611.jpg,1,real
10101.jpg,1,real
67385.jpg,1,real
45051.jpg,1,real
35795.jpg,1,real
63862.jpg,1,real
30325.jpg,1,real
22743.jpg,1,real
29029.jpg,1,real
02089.jpg,1,real
47783.jpg,1,real
32977.jpg,1,real
46832.jpg,1,real
40193.jpg,1,real
69063.jpg,1,real
51346.jpg,1,real
61477.jpg,1,real
11858.jpg,1,real
19343.jpg,1,real
17126.jpg,1,real
14839.jpg,1,real
12931.jpg,1,real
03829.jpg,1,real
21082.jpg,1,real
04415.jpg,1,real
60595.jpg,1,real
65952.jpg,1,real
57033.jpg,1,real
22841.jpg,1,real
61154.jpg,1,real
50053.jpg,1,real
08362.jpg,1,real
35648.jpg,1,real
18810.jpg,1,real
23047.jpg,1,real
36206.jpg,1,real
35235.jpg,1,real
39705.jpg,1,real
07191.jpg,1,real
45314.jpg,1,real
28199.jpg,1,real
54314.jpg,1,real
57796.jpg,1,real
28000.jpg,1,real
26684.jpg,1,real
67757.jpg,1,real
53271.jpg,1,real
22768.jpg,1,real
47969.jpg,1,real
07825.jpg,1,real
03793.jpg,1,real
49060.jpg,1,real
38100.jpg,1,real
26452.jpg,1,real
44049.jpg,1,real
25152.jpg,1,real
47653.jpg,1,real
48106.jpg,1,real
62688.jpg,1,real
17918.jpg,1,real
55715.jpg,1,real
64542.jpg,1,real
16432.jpg,1,real
48459.jpg,1,real
27897.jpg,1,real
54924.jpg,1,real
66539.jpg,1,real
12076.jpg,1,real
33370.jpg,1,real
51856.jpg,1,real
10895.jpg,1,real
53921.jpg,1,real
02122.jpg,1,real
46105.jpg,1,real
21556.jpg,1,real
45235.jpg,1,real
35546.jpg,1,real
68873.jpg,1,real
62681.jpg,1,real
42204.jpg,1,real
19015.jpg,1,real
46271.jpg,1,real
64457.jpg,1,real
19939.jpg,1,real
46184.jpg,1,real
19139.jpg,1,real
23203.jpg,1,real
10439.jpg,1,real
57769.jpg,1,real
14499.jpg,1,real
31804.jpg,1,real
68356.jpg,1,real
65121.jpg,1,real
32686.jpg,1,real
20695.jpg,1,real
52121.jpg,1,real
47750.jpg,1,real
48109.jpg,1,real
17658.jpg,1,real
39066.jpg,1,real
37566.jpg,1,real
69156.jpg,1,real
16250.jpg,1,real
66741.jpg,1,real
21667.jpg,1,real
53476.jpg,1,real
69918.jpg,1,real
52201.jpg,1,real
33224.jpg,1,real
43796.jpg,1,real
34590.jpg,1,real
69438.jpg,1,real
48481.jpg,1,real
62492.jpg,1,real
26391.jpg,1,real
20595.jpg,1,real
27342.jpg,1,real
03771.jpg,1,real
61439.jpg,1,real
41016.jpg,1,real
49420.jpg,1,real
41179.jpg,1,real
48385.jpg,1,real
22773.jpg,1,real
25091.jpg,1,real
17424.jpg,1,real
24591.jpg,1,real
44673.jpg,1,real
09893.jpg,1,real
44209.jpg,1,real
13447.jpg,1,real
56908.jpg,1,real
59562.jpg,1,real
44788.jpg,1,real
21183.jpg,1,real
35863.jpg,1,real
64740.jpg,1,real
49566.jpg,1,real
31787.jpg,1,real
30930.jpg,1,real
07909.jpg,1,real
11816.jpg,1,real
19755.jpg,1,real
06582.jpg,1,real
47732.jpg,1,real
43886.jpg,1,real
56919.jpg,1,real
21262.jpg,1,real
35919.jpg,1,real
30946.jpg,1,real
56137.jpg,1,real
26164.jpg,1,real
29932.jpg,1,real
24931.jpg,1,real
10263.jpg,1,real
57746.jpg,1,real
10104.jpg,1,real
69940.jpg,1,real
56949.jpg,1,real
52600.jpg,1,real
66846.jpg,1,real
21972.jpg,1,real
13134.jpg,1,real
29093.jpg,1,real
39465.jpg,1,real
22187.jpg,1,real
61164.jpg,1,real
34621.jpg,1,real
31026.jpg,1,real
39020.jpg,1,real
54674.jpg,1,real
56659.jpg,1,real
02547.jpg,1,real
65753.jpg,1,real
09419.jpg,1,real
35369.jpg,1,real
07580.jpg,1,real
31448.jpg,1,real
26774.jpg,1,real
22915.jpg,1,real
24600.jpg,1,real
24531.jpg,1,real
09523.jpg,1,real
24803.jpg,1,real
68112.jpg,1,real
15454.jpg,1,real
55222.jpg,1,real
58591.jpg,1,real
60847.jpg,1,real
23643.jpg,1,real
22309.jpg,1,real
22943.jpg,1,real
07068.jpg,1,real
15794.jpg,1,real
68229.jpg,1,real
63451.jpg,1,real
18046.jpg,1,real
08987.jpg,1,real
56031.jpg,1,real
06626.jpg,1,real
31205.jpg,1,real
34527.jpg,1,real
05851.jpg,1,real
38368.jpg,1,real
59174.jpg,1,real
59279.jpg,1,real
31603.jpg,1,real
56018.jpg,1,real
09656.jpg,1,real
02304.jpg,1,real
38629.jpg,1,real
16548.jpg,1,real
15120.jpg,1,real
17783.jpg,1,real
17579.jpg,1,real
40349.jpg,1,real
65742.jpg,1,real
47230.jpg,1,real
21741.jpg,1,real
26108.jpg,1,real
66927.jpg,1,real
52806.jpg,1,real
64804.jpg,1,real
05392.jpg,1,real
02662.jpg,1,real
22832.jpg,1,real
69540.jpg,1,real
48703.jpg,1,real
09232.jpg,1,real
38799.jpg,1,real
36613.jpg,1,real
13327.jpg,1,real
54458.jpg,1,real
39191.jpg,1,real
51126.jpg,1,real
60315.jpg,1,real
27920.jpg,1,real
12428.jpg,1,real
25782.jpg,1,real
15617.jpg,1,real
02918.jpg,1,real
56108.jpg,1,real
32450.jpg,1,real
48990.jpg,1,real
67640.jpg,1,real
22877.jpg,1,real
02225.jpg,1,real
41098.jpg,1,real
51094.jpg,1,real
52460.jpg,1,real
35547.jpg,1,real
19769.jpg,1,real
61437.jpg,1,real
09064.jpg,1,real
62205.jpg,1,real
08982.jpg,1,real
62270.jpg,1,real
13704.jpg,1,real
66358.jpg,1,real
59803.jpg,1,real
04256.jpg,1,real
31933.jpg,1,real
52949.jpg,1,real
33796.jpg,1,real
59452.jpg,1,real
13037.jpg,1,real
21999.jpg,1,real
11503.jpg,1,real
25825.jpg,1,real
03044.jpg,1,real
40813.jpg,1,real
67952.jpg,1,real
48655.jpg,1,real
22777.jpg,1,real
36037.jpg,1,real
56277.jpg,1,real
09468.jpg,1,real
10722.jpg,1,real
31966.jpg,1,real
04397.jpg,1,real
61902.jpg,1,real
57349.jpg,1,real
55302.jpg,1,real
52674.jpg,1,real
56240.jpg,1,real
23315.jpg,1,real
51335.jpg,1,real
10034.jpg,1,real
63673.jpg,1,real
21080.jpg,1,real
43602.jpg,1,real
51396.jpg,1,real
23140.jpg,1,real
44683.jpg,1,real
39849.jpg,1,real
21799.jpg,1,real
07800.jpg,1,real
29080.jpg,1,real
46667.jpg,1,real
13540.jpg,1,real
21837.jpg,1,real
05173.jpg,1,real
52845.jpg,1,real
04426.jpg,1,real
54992.jpg,1,real
67475.jpg,1,real
59798.jpg,1,real
04307.jpg,1,real
29592.jpg,1,real
30546.jpg,1,real
36698.jpg,1,real
40873.jpg,1,real
29032.jpg,1,real
28192.jpg,1,real
29350.jpg,1,real
47860.jpg,1,real
00534.jpg,1,real
14026.jpg,1,real
12378.jpg,1,real
17208.jpg,1,real
38928.jpg,1,real
05989.jpg,1,real
20791.jpg,1,real
19985.jpg,1,real
58169.jpg,1,real
18196.jpg,1,real
07183.jpg,1,real
65168.jpg,1,real
06782.jpg,1,real
05140.jpg,1,real
19305.jpg,1,real
53126.jpg,1,real
08948.jpg,1,real
03565.jpg,1,real
09696.jpg,1,real
51925.jpg,1,real
28190.jpg,1,real
03563.jpg,1,real
39796.jpg,1,real
44129.jpg,1,real
45619.jpg,1,real
50157.jpg,1,real
51814.jpg,1,real
23612.jpg,1,real
13404.jpg,1,real
27248.jpg,1,real
17894.jpg,1,real
25898.jpg,1,real
46803.jpg,1,real
26020.jpg,1,real
02593.jpg,1,real
07131.jpg,1,real
58903.jpg,1,real
27284.jpg,1,real
23533.jpg,1,real
37551.jpg,1,real
15824.jpg,1,real
45000.jpg,1,real
15133.jpg,1,real
21273.jpg,1,real
65797.jpg,1,real
51207.jpg,1,real
19375.jpg,1,real
58161.jpg,1,real
17042.jpg,1,real
37422.jpg,1,real
15169.jpg,1,real
18574.jpg,1,real
65568.jpg,1,real
50786.jpg,1,real
38649.jpg,1,real
37504.jpg,1,real
41174.jpg,1,real
35129.jpg,1,real
22511.jpg,1,real
10526.jpg,1,real
69524.jpg,1,real
41291.jpg,1,real
17318.jpg,1,real
17782.jpg,1,real
54640.jpg,1,real
43863.jpg,1,real
12002.jpg,1,real
41744.jpg,1,real
01174.jpg,1,real
33601.jpg,1,real
65475.jpg,1,real
12350.jpg,1,real
09332.jpg,1,real
05297.jpg,1,real
60044.jpg,1,real
26894.jpg,1,real
44650.jpg,1,real
59569.jpg,1,real
21649.jpg,1,real
02374.jpg,1,real
44825.jpg,1,real
64373.jpg,1,real
23511.jpg,1,real
07915.jpg,1,real
31738.jpg,1,real
52156.jpg,1,real
52016.jpg,1,real
51193.jpg,1,real
52307.jpg,1,real
54478.jpg,1,real
05768.jpg,1,real
27194.jpg,1,real
40527.jpg,1,real
11631.jpg,1,real
69589.jpg,1,real
54547.jpg,1,real
63210.jpg,1,real
07372.jpg,1,real
39229.jpg,1,real
17180.jpg,1,real
32299.jpg,1,real
38258.jpg,1,real
29407.jpg,1,real
11938.jpg,1,real
53123.jpg,1,real
07992.jpg,1,real
07186.jpg,1,real
43694.jpg,1,real
06084.jpg,1,real
59267.jpg,1,real
67766.jpg,1,real
50979.jpg,1,real
29504.jpg,1,real
29732.jpg,1,real
19653.jpg,1,real
18319.jpg,1,real
02551.jpg,1,real
06112.jpg,1,real
14187.jpg,1,real
21511.jpg,1,real
21297.jpg,1,real
61876.jpg,1,real
64935.jpg,1,real
33723.jpg,1,real
15983.jpg,1,real
61827.jpg,1,real
00845.jpg,1,real
65411.jpg,1,real
24273.jpg,1,real
52673.jpg,1,real
55386.jpg,1,real
15128.jpg,1,real
42218.jpg,1,real
16476.jpg,1,real
19403.jpg,1,real
46826.jpg,1,real
19430.jpg,1,real
17819.jpg,1,real
24315.jpg,1,real
46501.jpg,1,real
40652.jpg,1,real
39415.jpg,1,real
52989.jpg,1,real
46848.jpg,1,real
39365.jpg,1,real
26522.jpg,1,real
26477.jpg,1,real
41053.jpg,1,real
22657.jpg,1,real
22540.jpg,1,real
38467.jpg,1,real
09466.jpg,1,real
37395.jpg,1,real
20433.jpg,1,real
36413.jpg,1,real
41473.jpg,1,real
17753.jpg,1,real
20444.jpg,1,real
56854.jpg,1,real
10246.jpg,1,real
05725.jpg,1,real
55271.jpg,1,real
15428.jpg,1,real
21836.jpg,1,real
30306.jpg,1,real
55810.jpg,1,real
20704.jpg,1,real
01880.jpg,1,real
48835.jpg,1,real
05061.jpg,1,real
43279.jpg,1,real
61779.jpg,1,real
05423.jpg,1,real
41675.jpg,1,real
01980.jpg,1,real
65174.jpg,1,real
10429.jpg,1,real
10272.jpg,1,real
53579.jpg,1,real
44968.jpg,1,real
55230.jpg,1,real
66540.jpg,1,real
41399.jpg,1,real
49259.jpg,1,real
38936.jpg,1,real
32877.jpg,1,real
58817.jpg,1,real
22070.jpg,1,real
31008.jpg,1,real
22378.jpg,1,real
34273.jpg,1,real
39571.jpg,1,real
61011.jpg,1,real
63143.jpg,1,real
30065.jpg,1,real
06543.jpg,1,real
07952.jpg,1,real
66127.jpg,1,real
64711.jpg,1,real
46685.jpg,1,real
22018.jpg,1,real
23046.jpg,1,real
32389.jpg,1,real
19045.jpg,1,real
05319.jpg,1,real
27559.jpg,1,real
19135.jpg,1,real
33791.jpg,1,real
07499.jpg,1,real
48396.jpg,1,real
61190.jpg,1,real
12742.jpg,1,real
09598.jpg,1,real
08485.jpg,1,real
48574.jpg,1,real
10582.jpg,1,real
59389.jpg,1,real
48525.jpg,1,real
00633.jpg,1,real
11839.jpg,1,real
58813.jpg,1,real
38994.jpg,1,real
50779.jpg,1,real
69343.jpg,1,real
56009.jpg,1,real
37744.jpg,1,real
46411.jpg,1,real
55115.jpg,1,real
48928.jpg,1,real
22821.jpg,1,real
60705.jpg,1,real
39196.jpg,1,real
12728.jpg,1,real
15507.jpg,1,real
08295.jpg,1,real
09051.jpg,1,real
10703.jpg,1,real
19419.jpg,1,real
25841.jpg,1,real
10301.jpg,1,real
20313.jpg,1,real
23399.jpg,1,real
31612.jpg,1,real
31554.jpg,1,real
13846.jpg,1,real
17433.jpg,1,real
40027.jpg,1,real
17649.jpg,1,real
52957.jpg,1,real
45138.jpg,1,real
68597.jpg,1,real
18889.jpg,1,real
02298.jpg,1,real
59411.jpg,1,real
00030.jpg,1,real
67099.jpg,1,real
68513.jpg,1,real
62406.jpg,1,real
07510.jpg,1,real
21352.jpg,1,real
57117.jpg,1,real
47055.jpg,1,real
48515.jpg,1,real
33651.jpg,1,real
30697.jpg,1,real
02699.jpg,1,real
67490.jpg,1,real
12555.jpg,1,real
39119.jpg,1,real
36932.jpg,1,real
18975.jpg,1,real
32144.jpg,1,real
06404.jpg,1,real
25909.jpg,1,real
41914.jpg,1,real
16076.jpg,1,real
20149.jpg,1,real
20369.jpg,1,real
32152.jpg,1,real
19490.jpg,1,real
45748.jpg,1,real
30323.jpg,1,real
37213.jpg,1,real
35912.jpg,1,real
23462.jpg,1,real
33680.jpg,1,real
35330.jpg,1,real
29578.jpg,1,real
12708.jpg,1,real
53869.jpg,1,real
33402.jpg,1,real
09156.jpg,1,real
58427.jpg,1,real
35173.jpg,1,real
66534.jpg,1,real
22714.jpg,1,real
00411.jpg,1,real
67173.jpg,1,real
01511.jpg,1,real
42346.jpg,1,real
18914.jpg,1,real
56299.jpg,1,real
32080.jpg,1,real
23027.jpg,1,real
31283.jpg,1,real
08783.jpg,1,real
56226.jpg,1,real
15448.jpg,1,real
32887.jpg,1,real
52819.jpg,1,real
22338.jpg,1,real
09268.jpg,1,real
63570.jpg,1,real
25581.jpg,1,real
63563.jpg,1,real
59976.jpg,1,real
66607.jpg,1,real
09304.jpg,1,real
38539.jpg,1,real
52459.jpg,1,real
30497.jpg,1,real
27073.jpg,1,real
07969.jpg,1,real
02577.jpg,1,real
27833.jpg,1,real
08087.jpg,1,real
68879.jpg,1,real
59508.jpg,1,real
04539.jpg,1,real
60005.jpg,1,real
54563.jpg,1,real
17641.jpg,1,real
54373.jpg,1,real
06785.jpg,1,real
59030.jpg,1,real
37245.jpg,1,real
56886.jpg,1,real
66510.jpg,1,real
56712.jpg,1,real
00076.jpg,1,real
08263.jpg,1,real
34782.jpg,1,real
26939.jpg,1,real
33127.jpg,1,real
43752.jpg,1,real
08990.jpg,1,real
06253.jpg,1,real
08487.jpg,1,real
66225.jpg,1,real
43205.jpg,1,real
03638.jpg,1,real
14049.jpg,1,real
42282.jpg,1,real
20638.jpg,1,real
13153.jpg,1,real
00739.jpg,1,real
52470.jpg,1,real
63822.jpg,1,real
26996.jpg,1,real
38725.jpg,1,real
33914.jpg,1,real
20946.jpg,1,real
05919.jpg,1,real
04192.jpg,1,real
15031.jpg,1,real
24896.jpg,1,real
14957.jpg,1,real
22354.jpg,1,real
64035.jpg,1,real
12390.jpg,1,real
10730.jpg,1,real
23394.jpg,1,real
53844.jpg,1,real
05821.jpg,1,real
00781.jpg,1,real
14871.jpg,1,real
17767.jpg,1,real
22496.jpg,1,real
64322.jpg,1,real
35598.jpg,1,real
47337.jpg,1,real
15663.jpg,1,real
14987.jpg,1,real
55129.jpg,1,real
67893.jpg,1,real
28503.jpg,1,real
46906.jpg,1,real
03288.jpg,1,real
18735.jpg,1,real
35482.jpg,1,real
19085.jpg,1,real
45362.jpg,1,real
48808.jpg,1,real
52576.jpg,1,real
32562.jpg,1,real
57198.jpg,1,real
65431.jpg,1,real
62453.jpg,1,real
01909.jpg,1,real
02527.jpg,1,real
51008.jpg,1,real
29724.jpg,1,real
00399.jpg,1,real
13192.jpg,1,real
12655.jpg,1,real
34352.jpg,1,real
08158.jpg,1,real
37936.jpg,1,real
23215.jpg,1,real
62095.jpg,1,real
42795.jpg,1,real
50423.jpg,1,real
43824.jpg,1,real
57436.jpg,1,real
31838.jpg,1,real
14972.jpg,1,real
17599.jpg,1,real
01913.jpg,1,real
19235.jpg,1,real
53506.jpg,1,real
41160.jpg,1,real
07936.jpg,1,real
14062.jpg,1,real
52143.jpg,1,real
39443.jpg,1,real
67160.jpg,1,real
34814.jpg,1,real
02268.jpg,1,real
05360.jpg,1,real
65207.jpg,1,real
67260.jpg,1,real
67070.jpg,1,real
04201.jpg,1,real
47563.jpg,1,real
18550.jpg,1,real
31446.jpg,1,real
58796.jpg,1,real
22295.jpg,1,real
60837.jpg,1,real
69939.jpg,1,real
24157.jpg,1,real
58740.jpg,1,real
08690.jpg,1,real
16216.jpg,1,real
01764.jpg,1,real
64246.jpg,1,real
30693.jpg,1,real
33562.jpg,1,real
30832.jpg,1,real
39594.jpg,1,real
45271.jpg,1,real
08858.jpg,1,real
28332.jpg,1,real
29311.jpg,1,real
19159.jpg,1,real
45364.jpg,1,real
32465.jpg,1,real
57844.jpg,1,real
48165.jpg,1,real
67382.jpg,1,real
62072.jpg,1,real
34449.jpg,1,real
40880.jpg,1,real
26849.jpg,1,real
63467.jpg,1,real
04584.jpg,1,real
20699.jpg,1,real
31430.jpg,1,real
57010.jpg,1,real
34726.jpg,1,real
25711.jpg,1,real
25023.jpg,1,real
55572.jpg,1,real
13995.jpg,1,real
61352.jpg,1,real
01127.jpg,1,real
09763.jpg,1,real
14219.jpg,1,real
30847.jpg,1,real
23197.jpg,1,real
61945.jpg,1,real
08630.jpg,1,real
30155.jpg,1,real
57986.jpg,1,real
09584.jpg,1,real
46763.jpg,1,real
48779.jpg,1,real
62818.jpg,1,real
16169.jpg,1,real
39861.jpg,1,real
09344.jpg,1,real
22603.jpg,1,real
56715.jpg,1,real
20750.jpg,1,real
11240.jpg,1,real
11752.jpg,1,real
03898.jpg,1,real
23348.jpg,1,real
52372.jpg,1,real
26630.jpg,1,real
39759.jpg,1,real
35610.jpg,1,real
57481.jpg,1,real
05115.jpg,1,real
28181.jpg,1,real
56131.jpg,1,real
33689.jpg,1,real
50304.jpg,1,real
46640.jpg,1,real
30670.jpg,1,real
12684.jpg,1,real
19290.jpg,1,real
49638.jpg,1,real
12986.jpg,1,real
36119.jpg,1,real
54524.jpg,1,real
53315.jpg,1,real
09121.jpg,1,real
02419.jpg,1,real
57573.jpg,1,real
14253.jpg,1,real
37513.jpg,1,real
32388.jpg,1,real
62814.jpg,1,real
69005.jpg,1,real
08279.jpg,1,real
55668.jpg,1,real
15863.jpg,1,real
04168.jpg,1,real
55069.jpg,1,real
20283.jpg,1,real
13802.jpg,1,real
34192.jpg,1,real
00546.jpg,1,real
36337.jpg,1,real
21147.jpg,1,real
28016.jpg,1,real
01506.jpg,1,real
52893.jpg,1,real
57047.jpg,1,real
03327.jpg,1,real
16751.jpg,1,real
22978.jpg,1,real
48049.jpg,1,real
39741.jpg,1,real
56294.jpg,1,real
59158.jpg,1,real
44901.jpg,1,real
06012.jpg,1,real
61076.jpg,1,real
42842.jpg,1,real
36259.jpg,1,real
62424.jpg,1,real
56263.jpg,1,real
47110.jpg,1,real
21854.jpg,1,real
11425.jpg,1,real
09585.jpg,1,real
00161.jpg,1,real
36973.jpg,1,real
06622.jpg,1,real
04180.jpg,1,real
60870.jpg,1,real
20577.jpg,1,real
66814.jpg,1,real
25049.jpg,1,real
29795.jpg,1,real
61885.jpg,1,real
49773.jpg,1,real
05504.jpg,1,real
66003.jpg,1,real
12224.jpg,1,real
11918.jpg,1,real
22723.jpg,1,real
25963.jpg,1,real
35840.jpg,1,real
43317.jpg,1,real
40643.jpg,1,real
40164.jpg,1,real
54242.jpg,1,real
13056.jpg,1,real
11182.jpg,1,real
65185.jpg,1,real
28969.jpg,1,real
07035.jpg,1,real
28855.jpg,1,real
60522.jpg,1,real
43983.jpg,1,real
12042.jpg,1,real
14013.jpg,1,real
10548.jpg,1,real
43173.jpg,1,real
05473.jpg,1,real
34120.jpg,1,real
08391.jpg,1,real
54790.jpg,1,real
24043.jpg,1,real
42169.jpg,1,real
39152.jpg,1,real
08064.jpg,1,real
42663.jpg,1,real
15155.jpg,1,real
54110.jpg,1,real
11929.jpg,1,real
35188.jpg,1,real
13331.jpg,1,real
43654.jpg,1,real
65946.jpg,1,real
07650.jpg,1,real
34030.jpg,1,real
44023.jpg,1,real
51059.jpg,1,real
07715.jpg,1,real
39543.jpg,1,real
25501.jpg,1,real
36411.jpg,1,real
08068.jpg,1,real
01531.jpg,1,real
45747.jpg,1,real
14340.jpg,1,real
52802.jpg,1,real
53091.jpg,1,real
53554.jpg,1,real
23354.jpg,1,real
26797.jpg,1,real
38068.jpg,1,real
64357.jpg,1,real
15287.jpg,1,real
61497.jpg,1,real
04903.jpg,1,real
03574.jpg,1,real
04361.jpg,1,real
08729.jpg,1,real
15076.jpg,1,real
53391.jpg,1,real
48490.jpg,1,real
66000.jpg,1,real
45415.jpg,1,real
13942.jpg,1,real
32464.jpg,1,real
65348.jpg,1,real
27910.jpg,1,real
02366.jpg,1,real
07767.jpg,1,real
12419.jpg,1,real
42892.jpg,1,real
32663.jpg,1,real
12602.jpg,1,real
40026.jpg,1,real
35559.jpg,1,real
68525.jpg,1,real
07285.jpg,1,real
10557.jpg,1,real
49113.jpg,1,real
08515.jpg,1,real
07668.jpg,1,real
53043.jpg,1,real
58669.jpg,1,real
56154.jpg,1,real
44765.jpg,1,real
15409.jpg,1,real
13766.jpg,1,real
46853.jpg,1,real
24743.jpg,1,real
25870.jpg,1,real
05810.jpg,1,real
52516.jpg,1,real
64834.jpg,1,real
40773.jpg,1,real
60035.jpg,1,real
52155.jpg,1,real
23750.jpg,1,real
53526.jpg,1,real
39078.jpg,1,real
36212.jpg,1,real
37610.jpg,1,real
12910.jpg,1,real
55385.jpg,1,real
16581.jpg,1,real
56594.jpg,1,real
54125.jpg,1,real
09321.jpg,1,real
35080.jpg,1,real
06741.jpg,1,real
54700.jpg,1,real
22578.jpg,1,real
60520.jpg,1,real
57455.jpg,1,real
42429.jpg,1,real
02884.jpg,1,real
42839.jpg,1,real
06701.jpg,1,real
51054.jpg,1,real
34164.jpg,1,real
41491.jpg,1,real
29206.jpg,1,real
11149.jpg,1,real
68854.jpg,1,real
45266.jpg,1,real
53919.jpg,1,real
54515.jpg,1,real
58210.jpg,1,real
53183.jpg,1,real
04198.jpg,1,real
58885.jpg,1,real
62281.jpg,1,real
21981.jpg,1,real
27172.jpg,1,real
61593.jpg,1,real
37818.jpg,1,real
66322.jpg,1,real
47087.jpg,1,real
03055.jpg,1,real
08957.jpg,1,real
39207.jpg,1,real
49791.jpg,1,real
32463.jpg,1,real
50558.jpg,1,real
29509.jpg,1,real
09392.jpg,1,real
04253.jpg,1,real
53239.jpg,1,real
11615.jpg,1,real
24098.jpg,1,real
31876.jpg,1,real
27961.jpg,1,real
55893.jpg,1,real
27119.jpg,1,real
17381.jpg,1,real
69187.jpg,1,real
23345.jpg,1,real
55236.jpg,1,real
10585.jpg,1,real
61090.jpg,1,real
34428.jpg,1,real
37456.jpg,1,real
06200.jpg,1,real
59345.jpg,1,real
43027.jpg,1,real
45033.jpg,1,real
24021.jpg,1,real
17246.jpg,1,real
45347.jpg,1,real
34616.jpg,1,real
14208.jpg,1,real
23167.jpg,1,real
35050.jpg,1,real
04619.jpg,1,real
20167.jpg,1,real
38760.jpg,1,real
17543.jpg,1,real
50514.jpg,1,real
63075.jpg,1,real
46419.jpg,1,real
30279.jpg,1,real
57825.jpg,1,real
03544.jpg,1,real
08360.jpg,1,real
25768.jpg,1,real
12045.jpg,1,real
26454.jpg,1,real
38226.jpg,1,real
57758.jpg,1,real
11652.jpg,1,real
58021.jpg,1,real
08924.jpg,1,real
56639.jpg,1,real
69095.jpg,1,real
62344.jpg,1,real
32600.jpg,1,real
66087.jpg,1,real
32395.jpg,1,real
69505.jpg,1,real
44856.jpg,1,real
23390.jpg,1,real
33806.jpg,1,real
06936.jpg,1,real
47123.jpg,1,real
49644.jpg,1,real
68970.jpg,1,real
03372.jpg,1,real
65051.jpg,1,real
16979.jpg,1,real
63918.jpg,1,real
27661.jpg,1,real
30898.jpg,1,real
28347.jpg,1,real
02059.jpg,1,real
62635.jpg,1,real
19218.jpg,1,real
13806.jpg,1,real
19514.jpg,1,real
13021.jpg,1,real
33023.jpg,1,real
33246.jpg,1,real
15360.jpg,1,real
38060.jpg,1,real
52378.jpg,1,real
51792.jpg,1,real
36394.jpg,1,real
35125.jpg,1,real
05633.jpg,1,real
38801.jpg,1,real
49383.jpg,1,real
25305.jpg,1,real
58866.jpg,1,real
31556.jpg,1,real
62216.jpg,1,real
06047.jpg,1,real
68074.jpg,1,real
08946.jpg,1,real
65667.jpg,1,real
08097.jpg,1,real
67221.jpg,1,real
37149.jpg,1,real
34629.jpg,1,real
03240.jpg,1,real
26908.jpg,1,real
16597.jpg,1,real
12908.jpg,1,real
08132.jpg,1,real
13726.jpg,1,real
01190.jpg,1,real
20659.jpg,1,real
60437.jpg,1,real
23415.jpg,1,real
24636.jpg,1,real
09677.jpg,1,real
09526.jpg,1,real
47814.jpg,1,real
63158.jpg,1,real
54416.jpg,1,real
56404.jpg,1,real
58336.jpg,1,real
04727.jpg,1,real
23901.jpg,1,real
43321.jpg,1,real
22713.jpg,1,real
50110.jpg,1,real
23926.jpg,1,real
69182.jpg,1,real
39606.jpg,1,real
02299.jpg,1,real
26938.jpg,1,real
15532.jpg,1,real
37629.jpg,1,real
18298.jpg,1,real
26124.jpg,1,real
41017.jpg,1,real
04368.jpg,1,real
38214.jpg,1,real
07780.jpg,1,real
30796.jpg,1,real
49311.jpg,1,real
58164.jpg,1,real
04938.jpg,1,real
01457.jpg,1,real
31253.jpg,1,real
63937.jpg,1,real
50640.jpg,1,real
27364.jpg,1,real
04241.jpg,1,real
60483.jpg,1,real
57252.jpg,1,real
22618.jpg,1,real
11720.jpg,1,real
44703.jpg,1,real
15149.jpg,1,real
11462.jpg,1,real
66412.jpg,1,real
24511.jpg,1,real
02585.jpg,1,real
61853.jpg,1,real
36755.jpg,1,real
PG2M2YDWFT.jpg,0,fake
VJONM3KC5M.jpg,0,fake
JQ49GK2XM8.jpg,0,fake
NMK5SC84Z0.jpg,0,fake
TDXO93CLK5.jpg,0,fake
76VS3DLZLZ.jpg,0,fake
WNA4TNGK98.jpg,0,fake
9WCIBLH6KI.jpg,0,fake
F5T4284PBJ.jpg,0,fake
SIS6RAVS03.jpg,0,fake
QYIIBKRQEQ.jpg,0,fake
Z1WMSO64OQ.jpg,0,fake
BLYXBUPBXY.jpg,0,fake
FL9D7HEJB5.jpg,0,fake
U2RSNH7AW8.jpg,0,fake
NQ340KX8BR.jpg,0,fake
D57VNPU9VV.jpg,0,fake
44K9JB36HD.jpg,0,fake
KKUC46FBL7.jpg,0,fake
32V1LK928Y.jpg,0,fake
L12Q30PJ95.jpg,0,fake
MLC1HO9ASD.jpg,0,fake
O8Z363WBP8.jpg,0,fake
WQ9NRXBQHF.jpg,0,fake
X6KRQV1LJU.jpg,0,fake
LM81O0Y6S2.jpg,0,fake
7AC0ZDXLF8.jpg,0,fake
TKA9FBZ60B.jpg,0,fake
4XG6EVXCCD.jpg,0,fake
187T848A6B.jpg,0,fake
B6UIBZCTLS.jpg,0,fake
6PI67BYKDA.jpg,0,fake
3700U57WVF.jpg,0,fake
BA34V6B3XK.jpg,0,fake
ADUJ6JNXYZ.jpg,0,fake
FZM80Z0XW7.jpg,0,fake
Z2ZWP5URJR.jpg,0,fake
GSLILV2YKW.jpg,0,fake
CMNOD48Q2J.jpg,0,fake
N8FY3VK6CU.jpg,0,fake
WJF1PCS7NK.jpg,0,fake
CXBWFV70E0.jpg,0,fake
XIKYW6XS9X.jpg,0,fake
ZRR0OZJ83B.jpg,0,fake
GPAG2U72I2.jpg,0,fake
4PF0C985XP.jpg,0,fake
NB9C7JWVBQ.jpg,0,fake
GG5DRFWG2H.jpg,0,fake
2MRZ5SFHJV.jpg,0,fake
JSKOFIDDGV.jpg,0,fake
PDRRHBW8IH.jpg,0,fake
UKTIIRL4QC.jpg,0,fake
FUE0AT80WC.jpg,0,fake
9YOSZG5TK8.jpg,0,fake
I62DKJAS6W.jpg,0,fake
BQVGG8ASZK.jpg,0,fake
6H5JI5GGUH.jpg,0,fake
RJQJWZRQPY.jpg,0,fake
I0N3HD9RWJ.jpg,0,fake
BC67OZXYJ9.jpg,0,fake
OGKV8U8NS6.jpg,0,fake
8LPHACCB8Q.jpg,0,fake
DEPX1LEU2F.jpg,0,fake
QHI1NYFD6P.jpg,0,fake
KRD7RVV547.jpg,0,fake
10SRGCTBEP.jpg,0,fake
TJ1YN4D650.jpg,0,fake
4W42055KAW.jpg,0,fake
2SM5KXY6GH.jpg,0,fake
AZ6QFVRVX8.jpg,0,fake
P92NQRAQPF.jpg,0,fake
I8DCSHH2HI.jpg,0,fake
5IA0APDB99.jpg,0,fake
XHPOHSO858.jpg,0,fake
4HK5WJYTN7.jpg,0,fake
Y0YN36DVLT.jpg,0,fake
T5OBYJK4SA.jpg,0,fake
KK1D23TM0H.jpg,0,fake
I2WO8GDPKS.jpg,0,fake
8E49OT70NZ.jpg,0,fake
Z90OK3INXG.jpg,0,fake
8APVC09006.jpg,0,fake
UJ5O8ECU4X.jpg,0,fake
51ZGC0VWRA.jpg,0,fake
2WOG6CT55I.jpg,0,fake
WHW9A21CMB.jpg,0,fake
MVMWB99EYS.jpg,0,fake
N0I1J0XY4I.jpg,0,fake
26AG7CSSY5.jpg,0,fake
WF609HDCHO.jpg,0,fake
L55FNK7GKJ.jpg,0,fake
XI3UCHT15U.jpg,0,fake
OAS8N8ZVU3.jpg,0,fake
N9861H2M6W.jpg,0,fake
MD8VMQHCNA.jpg,0,fake
F0U3IO4HEU.jpg,0,fake
H26PYNN2U6.jpg,0,fake
HFBWF66LWJ.jpg,0,fake
KQFT3H7SQH.jpg,0,fake
REDW3O6DXA.jpg,0,fake
6CICITEG92.jpg,0,fake
AFV947WQC2.jpg,0,fake
ATNYYDJ73U.jpg,0,fake
26XVKGQ670.jpg,0,fake
6VH81ILSBX.jpg,0,fake
2SAQ00AP5N.jpg,0,fake
L9EXW300TN.jpg,0,fake
4Y1U1GQ5LF.jpg,0,fake
5ZKQMCF8NZ.jpg,0,fake
GA7SM2HGP3.jpg,0,fake
YQ4XGSNUDA.jpg,0,fake
5LJ3V9B0VT.jpg,0,fake
NXIFXZUP7O.jpg,0,fake
AZR6CGKEGZ.jpg,0,fake
GBTFYDTBP2.jpg,0,fake
WO97TZ03SR.jpg,0,fake
Q8VW2FYUTF.jpg,0,fake
QPP0054UV5.jpg,0,fake
X770F1Y2NE.jpg,0,fake
ZYCL4J3AP7.jpg,0,fake
D67TLF86KA.jpg,0,fake
EFX2UD7QDK.jpg,0,fake
J2Q1IUSPM8.jpg,0,fake
29ZVNGCMVS.jpg,0,fake
PAKHFHTYA0.jpg,0,fake
6ML3KDXNR7.jpg,0,fake
08EQ7RHFRH.jpg,0,fake
LBLEXIECE5.jpg,0,fake
NPN8UPOQBF.jpg,0,fake
DQ0SV18M8O.jpg,0,fake
NEYC8BW03J.jpg,0,fake
31X9V5YWQV.jpg,0,fake
O4OLRNEQQQ.jpg,0,fake
P2Q01OSS4Y.jpg,0,fake
ZGG2UY5HQ8.jpg,0,fake
NS6OM82X72.jpg,0,fake
OWYO4W3R3T.jpg,0,fake
VVG1TZ7AXZ.jpg,0,fake
GFU60VHIS3.jpg,0,fake
PGOVY2LDJJ.jpg,0,fake
JH88JOYOLU.jpg,0,fake
TB286MUJM6.jpg,0,fake
O52RNFF5JU.jpg,0,fake
WUB0UB4UXK.jpg,0,fake
0DR4G8RBXE.jpg,0,fake
WNHX8K16RL.jpg,0,fake
8JLA7QKY5Z.jpg,0,fake
4JDDEZPGC3.jpg,0,fake
U39V7C0LH4.jpg,0,fake
DKKMRG207O.jpg,0,fake
3BQ4EJO8OM.jpg,0,fake
A98VU0BMKC.jpg,0,fake
GSSSYW6SUX.jpg,0,fake
A3PP302TW7.jpg,0,fake
OLFRDRO68M.jpg,0,fake
UQPCJ8MZS2.jpg,0,fake
WCDL7COBX6.jpg,0,fake
YNMK7JZCXZ.jpg,0,fake
RDARX464BB.jpg,0,fake
D0QVJ9S096.jpg,0,fake
EE5F3INBK7.jpg,0,fake
J6Z5Y4RC98.jpg,0,fake
GK4EN8RWVR.jpg,0,fake
963RD2S5R9.jpg,0,fake
MFQW3XGT4X.jpg,0,fake
J5585EIEPM.jpg,0,fake
FY8DLJ7K45.jpg,0,fake
J84Q2JBFLH.jpg,0,fake
PKBFUPDNS7.jpg,0,fake
MET89E3HO7.jpg,0,fake
1JNLSYOE4W.jpg,0,fake
TXJUDOP1DE.jpg,0,fake
7PY450385C.jpg,0,fake
A2UVLSOD20.jpg,0,fake
HHWKWBAK94.jpg,0,fake
0S0P856ZEZ.jpg,0,fake
3PUNMPBQE8.jpg,0,fake
0V4YJZF3AD.jpg,0,fake
WE6LVT7RRA.jpg,0,fake
WQM9N2H2GT.jpg,0,fake
XYNQXWX1F4.jpg,0,fake
BUUTW8UK6W.jpg,0,fake
EJZG83GDK7.jpg,0,fake
D2Q8DMVSD6.jpg,0,fake
6CHRL30Z53.jpg,0,fake
0QAVF9F0TF.jpg,0,fake
SIA4XNJWC5.jpg,0,fake
EPR58QDO8I.jpg,0,fake
HHK3L33EVJ.jpg,0,fake
Q6HZZWOPJD.jpg,0,fake
J9S479EUBY.jpg,0,fake
F9NC8XDH6U.jpg,0,fake
CKWQ0O5EV3.jpg,0,fake
L9A2ARZKEU.jpg,0,fake
BHF2XX0PQX.jpg,0,fake
W6J25IAK2J.jpg,0,fake
OSD04NPNTU.jpg,0,fake
1XJCGDBMGA.jpg,0,fake
GJIIEKLDBS.jpg,0,fake
6SJO7RL2SP.jpg,0,fake
455O3TUF2V.jpg,0,fake
RE24LQM4HN.jpg,0,fake
BAOETD33NH.jpg,0,fake
LHU05HSGA6.jpg,0,fake
FKA988HP0T.jpg,0,fake
H34IH681FP.jpg,0,fake
9IJA8448MF.jpg,0,fake
VK2CCECG8U.jpg,0,fake
1JVR3JNDE3.jpg,0,fake
4FANVOVUNT.jpg,0,fake
JLQE7Z7B1D.jpg,0,fake
HJ0FZRGN7H.jpg,0,fake
1ME2GFK2VW.jpg,0,fake
30J04CKOCI.jpg,0,fake
CQ1PE9GXLM.jpg,0,fake
2DXSDTUDKP.jpg,0,fake
K8K6LK8974.jpg,0,fake
O8ZT0ISNGG.jpg,0,fake
4JQE5B6060.jpg,0,fake
RPIIL7JV9E.jpg,0,fake
R2AS147DMI.jpg,0,fake
PIIWSD3PUR.jpg,0,fake
3EBHDVJZTV.jpg,0,fake
S4UH9Q6CEO.jpg,0,fake
GOL2CEH1T0.jpg,0,fake
OEIDU1T43C.jpg,0,fake
MVG105LBDT.jpg,0,fake
WTWVCABGU6.jpg,0,fake
WI4HJ2EH7Z.jpg,0,fake
GPJ47OM93W.jpg,0,fake
42DMJMLSL4.jpg,0,fake
09L42C7INO.jpg,0,fake
D90OI1EOG1.jpg,0,fake
9QAOZJNEHO.jpg,0,fake
MLNL5NJOIF.jpg,0,fake
S12D9Z8C7X.jpg,0,fake
FHLSFKZMW5.jpg,0,fake
IX60FZXXCH.jpg,0,fake
6D269QPWF3.jpg,0,fake
T6K2Q3H3OI.jpg,0,fake
Z2J4NV1DVO.jpg,0,fake
3JIN1DF96G.jpg,0,fake
O03YQNKT36.jpg,0,fake
P0DXLSXAL1.jpg,0,fake
P0CNMKS8RI.jpg,0,fake
Q8A4N9NK8L.jpg,0,fake
74RXWX0NNL.jpg,0,fake
E66E8EWB0S.jpg,0,fake
MIG5X5LR6B.jpg,0,fake
1QD15IFPZD.jpg,0,fake
910M1573G2.jpg,0,fake
716X1RAV7T.jpg,0,fake
AC0XK5R8LH.jpg,0,fake
2HBSCT2XFT.jpg,0,fake
MWW87V9A75.jpg,0,fake
CYF291BWTN.jpg,0,fake
A1D47JF613.jpg,0,fake
KKR9QKR51D.jpg,0,fake
YOHIFHJWTO.jpg,0,fake
EYFO8TQGBZ.jpg,0,fake
IPUZL4SBUB.jpg,0,fake
TUFWLNBB0E.jpg,0,fake
NCLCN6N75A.jpg,0,fake
FWR7NYDV4D.jpg,0,fake
IPRTBDCXB2.jpg,0,fake
ICK4V7RT5G.jpg,0,fake
CQEO6LRV4L.jpg,0,fake
PRM8UWJ3T4.jpg,0,fake
V1KUQHAT7P.jpg,0,fake
9HI1N67RTW.jpg,0,fake
ZKL6FJUOWL.jpg,0,fake
2HR9W2FW75.jpg,0,fake
6YNQ606071.jpg,0,fake
8QY9RP7I24.jpg,0,fake
HHROPT0EYU.jpg,0,fake
D0F939S157.jpg,0,fake
GXP8VRX4SD.jpg,0,fake
O3YECS0WSJ.jpg,0,fake
UNLHKAXF8E.jpg,0,fake
U1D0Q2A4UF.jpg,0,fake
167B1W2HMS.jpg,0,fake
VA90E4L9IN.jpg,0,fake
C1EKMI8PYR.jpg,0,fake
ZRL3YY3A0S.jpg,0,fake
HSC9AK73WE.jpg,0,fake
CSG5D1OLQX.jpg,0,fake
1949XVAPPT.jpg,0,fake
9BVSROBP23.jpg,0,fake
2O2S0R8X63.jpg,0,fake
AFIZL6828L.jpg,0,fake
5NMVCB7YW9.jpg,0,fake
2CH4T4DG2A.jpg,0,fake
6D3X6TGDZ2.jpg,0,fake
GWD3UXFT7A.jpg,0,fake
OX3FBUA6ZE.jpg,0,fake
H2RLXDR733.jpg,0,fake
FWZDN5MBR9.jpg,0,fake
YJMHK6S58J.jpg,0,fake
7IK1S5FV6I.jpg,0,fake
CPF7DKY2PC.jpg,0,fake
99MOI9OXR7.jpg,0,fake
N6M2VRI4T5.jpg,0,fake
LBYAL7KX0V.jpg,0,fake
I26B6S38TI.jpg,0,fake
RSHKG0I5DL.jpg,0,fake
2FAO08IX2F.jpg,0,fake
A20ZMNJR32.jpg,0,fake
0M0F4YJ1G9.jpg,0,fake
YTPPH1N3SA.jpg,0,fake
WR1KQZP9VK.jpg,0,fake
2NZAYUWLNU.jpg,0,fake
8Z658JAMZQ.jpg,0,fake
G3WWAQDUT3.jpg,0,fake
BS1DGX9UJX.jpg,0,fake
K5Q3T83IJA.jpg,0,fake
B5FDCEMJCS.jpg,0,fake
VEZ2D4P5RI.jpg,0,fake
B068NMSZOS.jpg,0,fake
3G231U0M6Z.jpg,0,fake
R9ZOKJCX5D.jpg,0,fake
S0YWT86T1I.jpg,0,fake
0SAUUYZR6V.jpg,0,fake
8BX1RYZHNP.jpg,0,fake
MYX0O4PV45.jpg,0,fake
HVD2F48G8E.jpg,0,fake
KRE2Z7K0V8.jpg,0,fake
8UYAEK8Z27.jpg,0,fake
ZPCWJGRP8C.jpg,0,fake
BX4C2113JZ.jpg,0,fake
LJE2ZPJRWX.jpg,0,fake
GX7HA52C7M.jpg,0,fake
U0EFIQMLTT.jpg,0,fake
MWZEAEG5DJ.jpg,0,fake
SXLHWUNCWD.jpg,0,fake
H3IQ6DK79V.jpg,0,fake
2QTNLKPBMC.jpg,0,fake
X1D4QDX10D.jpg,0,fake
QBRU5S6AN7.jpg,0,fake
P8OHX2GDOF.jpg,0,fake
7O4IBZGG4V.jpg,0,fake
PMDIB5BAIR.jpg,0,fake
ZX8QII2KTZ.jpg,0,fake
UFPAU210HE.jpg,0,fake
MDDQPI3P5F.jpg,0,fake
PTKEY2WBKI.jpg,0,fake
UE4Y4J862R.jpg,0,fake
HJ0B1LGM6W.jpg,0,fake
TI0UCKYOA1.jpg,0,fake
G3OBL47Z9P.jpg,0,fake
E7QOK4FRIK.jpg,0,fake
J7R61ERQHG.jpg,0,fake
CAN8ZVEH5D.jpg,0,fake
QTHNJO8LJM.jpg,0,fake
GT6AZTK0HM.jpg,0,fake
X63Q1JFH6M.jpg,0,fake
L8SQBHXDMI.jpg,0,fake
9KZE5G2EDL.jpg,0,fake
BL7NXPATFL.jpg,0,fake
YG51CR07MK.jpg,0,fake
2HHMYA7ZPD.jpg,0,fake
SN5UM29YM8.jpg,0,fake
FA4KCZIDHW.jpg,0,fake
3C0QVGZ3M4.jpg,0,fake
75SL3Q9ZUH.jpg,0,fake
2ABZ27302P.jpg,0,fake
KAL6DHQLGY.jpg,0,fake
5IH01HKYY8.jpg,0,fake
2M3ORNBFYV.jpg,0,fake
QDYYC7KY96.jpg,0,fake
KELJALLPK8.jpg,0,fake
ZV9PYR5H7I.jpg,0,fake
02S93BS396.jpg,0,fake
P5IYA1TCRZ.jpg,0,fake
R1FWTQX83S.jpg,0,fake
OES95514HB.jpg,0,fake
MNEYGXHUS6.jpg,0,fake
ZYGUK4QLZ8.jpg,0,fake
94MNQ89S6S.jpg,0,fake
WZ4IDZL325.jpg,0,fake
YKD54ODV29.jpg,0,fake
4Q3W4CUP3I.jpg,0,fake
LU83XHTYJE.jpg,0,fake
5PAHEND66U.jpg,0,fake
NZTXXCBNVE.jpg,0,fake
50FDF7JVJP.jpg,0,fake
NBA7BFUCK8.jpg,0,fake
QZXNVSMU99.jpg,0,fake
5917LNBV7N.jpg,0,fake
LSQFH3HQV3.jpg,0,fake
4FEAU4XRAK.jpg,0,fake
QXG9HSS1DI.jpg,0,fake
RTDGNYDT33.jpg,0,fake
TEVZO9SM3E.jpg,0,fake
6VL8P1BCOB.jpg,0,fake
9GCYPWGB12.jpg,0,fake
2W1M4G2QC2.jpg,0,fake
JBTSTKEBSZ.jpg,0,fake
VBDNBEUKVJ.jpg,0,fake
IT96OC5W2L.jpg,0,fake
DAC1YAWDN1.jpg,0,fake
C1UF9PFTEF.jpg,0,fake
AGCMPY1OHK.jpg,0,fake
W4FA4QUXTM.jpg,0,fake
4S0Q4EZKWL.jpg,0,fake
BX3ORCQ7J4.jpg,0,fake
NLOTX03TN4.jpg,0,fake
7YMCB7BHSP.jpg,0,fake
7DH5RJN2CT.jpg,0,fake
PUD2DFOCUL.jpg,0,fake
DK0Y4EHW6Q.jpg,0,fake
MPI4PJVQQ5.jpg,0,fake
76UE8PMZZ2.jpg,0,fake
7Y84VLQ4PT.jpg,0,fake
FZDXYVW8U6.jpg,0,fake
N5D0RN1AC8.jpg,0,fake
I0QVLPFX76.jpg,0,fake
SYCGX5FVEG.jpg,0,fake
K3LY4V34N5.jpg,0,fake
RXUCXMIA2N.jpg,0,fake
F8BDD2ILD4.jpg,0,fake
19G3VB895B.jpg,0,fake
2UD5K75IO0.jpg,0,fake
FAGJ667ZZV.jpg,0,fake
OO2UTPOR2C.jpg,0,fake
V6Y7L6AVTB.jpg,0,fake
9FHKDU5QXM.jpg,0,fake
PGR0W57DJ8.jpg,0,fake
B03QE5I5NA.jpg,0,fake
9XQVJAK6CI.jpg,0,fake
8VQ7MS2KMY.jpg,0,fake
IN5SWWVBW0.jpg,0,fake
HO4UBLZO2D.jpg,0,fake
UO3DK3SPIV.jpg,0,fake
WQJ599VRJF.jpg,0,fake
HO8TXLITAJ.jpg,0,fake
7E8RVX3V9R.jpg,0,fake
0BEBER16RE.jpg,0,fake
SE8RJHIKH7.jpg,0,fake
F6ARCELD6Q.jpg,0,fake
L1D6UWKW2J.jpg,0,fake
CNEN22N9W4.jpg,0,fake
52KQ3DE3BW.jpg,0,fake
C6CYUFZ03R.jpg,0,fake
EFRJQ5W5IH.jpg,0,fake
7GIQ4VAIQD.jpg,0,fake
T0MHOTDTRK.jpg,0,fake
LDAO1K8NSB.jpg,0,fake
8JZ5CNH7DW.jpg,0,fake
YBGKT208Z1.jpg,0,fake
GA9ZZXDP63.jpg,0,fake
TKN2QEEWN6.jpg,0,fake
4LGPQUU1ZZ.jpg,0,fake
3P98JECCTJ.jpg,0,fake
10K2BI8BS3.jpg,0,fake
S5NPVHYO4O.jpg,0,fake
5ZVPYDW5NK.jpg,0,fake
RKJ3TS9DZI.jpg,0,fake
57BVVKBUYT.jpg,0,fake
M2DDYMV70K.jpg,0,fake
54ZTGI3LN0.jpg,0,fake
OSZZ4NO8OT.jpg,0,fake
IB78OZWW6T.jpg,0,fake
1K0GBD9JTA.jpg,0,fake
GLQSV30UW3.jpg,0,fake
W2RK4QCLT4.jpg,0,fake
HEBOKRNQ2J.jpg,0,fake
BVJWFNY6JZ.jpg,0,fake
1JVLO9FANX.jpg,0,fake
9KI1AV3TL9.jpg,0,fake
5U03KZZ727.jpg,0,fake
VGCS9A0FH9.jpg,0,fake
TF98JQEZ7M.jpg,0,fake
DOBDZXQ34M.jpg,0,fake
YSBD5DEPP3.jpg,0,fake
F1AP79WGMN.jpg,0,fake
LWKUHC5G5Y.jpg,0,fake
8YWUYK5Z55.jpg,0,fake
I73YB581CL.jpg,0,fake
JVG337FR3Q.jpg,0,fake
O3AXVD7J8G.jpg,0,fake
Y1HU3P2BC1.jpg,0,fake
C14521K4LD.jpg,0,fake
7D947PGFJ9.jpg,0,fake
NB5VFH2U5A.jpg,0,fake
453DK2KCZB.jpg,0,fake
5B0C08TF3L.jpg,0,fake
F6AVM9BM5W.jpg,0,fake
T1TV954NKD.jpg,0,fake
PGKVNQB0VA.jpg,0,fake
CMGHVA0AY0.jpg,0,fake
7ISRH3YAHO.jpg,0,fake
ZT04QFPOS8.jpg,0,fake
48SMW6U2KF.jpg,0,fake
6FUFS9MZZU.jpg,0,fake
813JB55MUA.jpg,0,fake
GVEQPLGFB9.jpg,0,fake
WDCN8TVNVS.jpg,0,fake
2M3VGIC85F.jpg,0,fake
EEBRGSFFZO.jpg,0,fake
BUHFJRQKY2.jpg,0,fake
76EV74GZHP.jpg,0,fake
9JXUZXMVB7.jpg,0,fake
8G30BACOAX.jpg,0,fake
WREO5449TD.jpg,0,fake
EAM7ZQHCVW.jpg,0,fake
GMY0O2W31C.jpg,0,fake
695X2BJLWN.jpg,0,fake
9JJKPPY4G5.jpg,0,fake
FYEQEST8VO.jpg,0,fake
4QI8F8I90B.jpg,0,fake
2LOHL7EMGT.jpg,0,fake
Y9AEEPK7SE.jpg,0,fake
S5F97D1E2W.jpg,0,fake
0P0919LQQI.jpg,0,fake
DM6WAQT9Q3.jpg,0,fake
NURG2HAFL8.jpg,0,fake
YDP0HWWFC0.jpg,0,fake
4S73XCHLG9.jpg,0,fake
5MD8Z2DHF5.jpg,0,fake
PZ59WM0PW3.jpg,0,fake
1CR8EGSSGO.jpg,0,fake
AP8V0IO65U.jpg,0,fake
C5FHU7HF1S.jpg,0,fake
PNKQF6VCAJ.jpg,0,fake
QSXQLJO0Y6.jpg,0,fake
XURMU1MF7U.jpg,0,fake
50VR866RHD.jpg,0,fake
1IDU7WSLTJ.jpg,0,fake
RA36JUX8V1.jpg,0,fake
ZGXM6AADLU.jpg,0,fake
OZ1HC83M34.jpg,0,fake
2GQLVBSE57.jpg,0,fake
9UQ1ABCSFM.jpg,0,fake
9IPP36QNEO.jpg,0,fake
X6M0HBUP8Q.jpg,0,fake
1IYU36LML5.jpg,0,fake
Q0CQY9L7D7.jpg,0,fake
2FPOZ0J2LN.jpg,0,fake
FVSQRL0W3O.jpg,0,fake
R21SRME1KI.jpg,0,fake
MGUVW2ATIK.jpg,0,fake
A4CAKSUCJD.jpg,0,fake
H1VSEODX40.jpg,0,fake
524WZYYJ8G.jpg,0,fake
TE805JJACC.jpg,0,fake
20DPJU8VP0.jpg,0,fake
WUO5VY44K0.jpg,0,fake
VUX86BZ95E.jpg,0,fake
C51KJ6E9JB.jpg,0,fake
RZHEE43838.jpg,0,fake
AIP22Z0JQH.jpg,0,fake
SXTCCXCDQD.jpg,0,fake
BMF98OIJBK.jpg,0,fake
UJVJQTRAA8.jpg,0,fake
GI2CW5I9B2.jpg,0,fake
7CUOIPS596.jpg,0,fake
GS854OXOQX.jpg,0,fake
8XGU1IE894.jpg,0,fake
8ENZEMFNRS.jpg,0,fake
34SUENSU47.jpg,0,fake
Z4L2JVR1FL.jpg,0,fake
X7II7ENLTU.jpg,0,fake
NUN9MKW9CM.jpg,0,fake
CPA66DAOJZ.jpg,0,fake
PA9MNTZ06X.jpg,0,fake
J2147G6CDF.jpg,0,fake
CNDWWA8XG3.jpg,0,fake
G2T2L2T1J1.jpg,0,fake
D0PB4AC08O.jpg,0,fake
B9A85LS2WQ.jpg,0,fake
ECXLQVYATU.jpg,0,fake
J3U5MLPTH5.jpg,0,fake
7B4O8GF8X6.jpg,0,fake
RWAH4BYNC8.jpg,0,fake
QACXKUCR6N.jpg,0,fake
OF5Q3L9AB9.jpg,0,fake
0VUR9EMBNK.jpg,0,fake
LSEBKH7143.jpg,0,fake
6TRSQWC14K.jpg,0,fake
E9NKC1X893.jpg,0,fake
SE5L3YQFGL.jpg,0,fake
U5Y0TLJZHM.jpg,0,fake
Q8O2XHX7LH.jpg,0,fake
GUKZIFFIJS.jpg,0,fake
MFC6WTKYWB.jpg,0,fake
HU1F9GU0VR.jpg,0,fake
KBH6CYTI69.jpg,0,fake
EYP5AZ6M76.jpg,0,fake
OQKKEZQC3H.jpg,0,fake
W83AZ3E1ZA.jpg,0,fake
3ZQDLPXHYM.jpg,0,fake
VDRYJTFS3R.jpg,0,fake
LZ0TK5G2EY.jpg,0,fake
E16NJEYYK3.jpg,0,fake
L70MXOKJTD.jpg,0,fake
Y2V1FLPL7E.jpg,0,fake
ONAGFWQD81.jpg,0,fake
E8D16RVJ2P.jpg,0,fake
3V1B2NBDHZ.jpg,0,fake
VO5TWOECGK.jpg,0,fake
KEM2WBQZOJ.jpg,0,fake
1C53KBJCSR.jpg,0,fake
FFM6BT65C6.jpg,0,fake
65PXJHJERM.jpg,0,fake
RVZOUVVW7W.jpg,0,fake
6BZEVGL408.jpg,0,fake
QW2136N0E7.jpg,0,fake
V6D2QQE1JW.jpg,0,fake
PQLHEXFZU4.jpg,0,fake
8EUPSY5DSS.jpg,0,fake
LEWSGO3ZN1.jpg,0,fake
VG1HJS9GCI.jpg,0,fake
H9IW3LNNXM.jpg,0,fake
7EOJJ77J93.jpg,0,fake
7SHZXBKSOM.jpg,0,fake
1W36HKC3FG.jpg,0,fake
PJHDRF0MYR.jpg,0,fake
RJJT74L3MD.jpg,0,fake
FJ43V2ZNTY.jpg,0,fake
OKZD57ARVV.jpg,0,fake
G8T0RSZN4A.jpg,0,fake
2EYHF1MY3X.jpg,0,fake
J87O2TLKX8.jpg,0,fake
4LV94F18CT.jpg,0,fake
L0UA7UH41X.jpg,0,fake
8A8Y8IMEPC.jpg,0,fake
1FY0937C5U.jpg,0,fake
NFFIE7ZTKT.jpg,0,fake
J68XN4YK8X.jpg,0,fake
JM1RZQTAQW.jpg,0,fake
0UIS00HYQB.jpg,0,fake
FE2XZANLJX.jpg,0,fake
1OQ9Q8BBW7.jpg,0,fake
WGTA1VHHL2.jpg,0,fake
RB6GM13YD2.jpg,0,fake
L04JV3DS3V.jpg,0,fake
FXDUSCJXKJ.jpg,0,fake
PWL9ARR753.jpg,0,fake
LM9LKZNIUQ.jpg,0,fake
HS4GVHYIG3.jpg,0,fake
DIIUM3R6O8.jpg,0,fake
09BGKVMNHS.jpg,0,fake
M2F5PHO0LY.jpg,0,fake
NDE8H4IHVT.jpg,0,fake
ZPMHSR0V9H.jpg,0,fake
IZF9ZUFBLV.jpg,0,fake
V6V3O20GBL.jpg,0,fake
7QGSO9Z2CX.jpg,0,fake
6DCTY9OM28.jpg,0,fake
FWQDBWEMF1.jpg,0,fake
D9LOE7K753.jpg,0,fake
JALCM904YM.jpg,0,fake
4SMDSDRCVG.jpg,0,fake
ZBM3WTA7DC.jpg,0,fake
J4EHFMDBTK.jpg,0,fake
4BH2BMYWCZ.jpg,0,fake
KA4FMGBO8H.jpg,0,fake
P6TLH14Y7H.jpg,0,fake
JU2CVYSXIU.jpg,0,fake
NRB9IJQ56T.jpg,0,fake
8GY3ZCSODY.jpg,0,fake
ZPQX7H7XCW.jpg,0,fake
V5V8IQPHVJ.jpg,0,fake
FU4QW2992U.jpg,0,fake
IFJ300NZS8.jpg,0,fake
KCT32A89EZ.jpg,0,fake
U83AZ9EIKF.jpg,0,fake
64JG9ZEGPL.jpg,0,fake
KMBY0KGWBH.jpg,0,fake
1YF0TNPKDK.jpg,0,fake
BP4ZNHNXXI.jpg,0,fake
QU8352ZTB6.jpg,0,fake
C52NVVIUJX.jpg,0,fake
NZVEZEHAFY.jpg,0,fake
NZEH908K75.jpg,0,fake
WVR8IXR9Q3.jpg,0,fake
ZR0LKMIWHM.jpg,0,fake
NW3KHILO3D.jpg,0,fake
O1EQ2HDMCJ.jpg,0,fake
R97MW05IHP.jpg,0,fake
6ZKMWI90P4.jpg,0,fake
05NJ1PVNC4.jpg,0,fake
44DHUB08QY.jpg,0,fake
8A5SYF3234.jpg,0,fake
NBT8OFIC9K.jpg,0,fake
N3VJBHZOFL.jpg,0,fake
37A2CLOK4O.jpg,0,fake
024SZKKV3S.jpg,0,fake
WESOIUIRXD.jpg,0,fake
9008S5KY5O.jpg,0,fake
2GVKFJGGQL.jpg,0,fake
MEJ7TEYRGN.jpg,0,fake
6DFMD696CQ.jpg,0,fake
EOZTQ3LF5O.jpg,0,fake
P0J2WX322U.jpg,0,fake
ZITEYM81DX.jpg,0,fake
P6WCQQTYTQ.jpg,0,fake
WANQMIYUE7.jpg,0,fake
73RCUSKKM9.jpg,0,fake
NKETV2N1VP.jpg,0,fake
JECHTPKRL3.jpg,0,fake
775BB7Z4QP.jpg,0,fake
J4IJHEADH2.jpg,0,fake
GLNX2OYT66.jpg,0,fake
14OAANTHH1.jpg,0,fake
26A2MWUOO2.jpg,0,fake
KXKPITR0FS.jpg,0,fake
V5YQC6LRHW.jpg,0,fake
V0SL5JR0EX.jpg,0,fake
SSZ2JP0B4A.jpg,0,fake
37BUZXS9RL.jpg,0,fake
3FJHZ71L0A.jpg,0,fake
YLKAX68W9R.jpg,0,fake
0520AQG56S.jpg,0,fake
KEFM2SAV5J.jpg,0,fake
1V6HMTORU4.jpg,0,fake
6MK7S4B5Z8.jpg,0,fake
BMVI9LOHHU.jpg,0,fake
WAM1FO9FUO.jpg,0,fake
E441ZIYY1S.jpg,0,fake
09UOHXZOVM.jpg,0,fake
U0HRJ25LHG.jpg,0,fake
3137X0T7Q5.jpg,0,fake
LGNNZDW2V3.jpg,0,fake
S7ZE67QEZX.jpg,0,fake
C21RA2SWGE.jpg,0,fake
0VFUWPESO5.jpg,0,fake
W24663MD9O.jpg,0,fake
4Y0APTLRXC.jpg,0,fake
DEAQNWQV28.jpg,0,fake
ANVONOEQ33.jpg,0,fake
1J88Z47YRD.jpg,0,fake
HKD3KNQ4RG.jpg,0,fake
LHH6SM78SI.jpg,0,fake
NA4S63AAKZ.jpg,0,fake
8HRRTFEIXD.jpg,0,fake
EFEF0LRWUG.jpg,0,fake
PJC7MDYOWG.jpg,0,fake
0I56D4CA8S.jpg,0,fake
VOKDGH42CH.jpg,0,fake
6LRUWRHMZ9.jpg,0,fake
SY40ZOASJO.jpg,0,fake
LS2GKXUKMW.jpg,0,fake
V1P84O8HBD.jpg,0,fake
BZQ0FSWZLP.jpg,0,fake
OGOZF2H24E.jpg,0,fake
FTGLK8R0GT.jpg,0,fake
6W32LRX0GZ.jpg,0,fake
X608D7DJRR.jpg,0,fake
GLWITMAZGE.jpg,0,fake
TRALWFR6KP.jpg,0,fake
V4209MAT20.jpg,0,fake
RWUI9IUVTL.jpg,0,fake
V7UJBC5YV7.jpg,0,fake
FXXL1N4WMZ.jpg,0,fake
3LCXRXIZVP.jpg,0,fake
3LHQXUZS5R.jpg,0,fake
QHFAE9DPY0.jpg,0,fake
2QJZR1AFCL.jpg,0,fake
7LD8HT9NJY.jpg,0,fake
W1B7I8DFAU.jpg,0,fake
4FMEZ1ZRJF.jpg,0,fake
SN3PHH8TSF.jpg,0,fake
D9CFFGKXJF.jpg,0,fake
SREH1AOVB9.jpg,0,fake
WXTEV6ST8M.jpg,0,fake
P1YSYJEVX4.jpg,0,fake
4ZP4FK4SLD.jpg,0,fake
MS58VSCXGT.jpg,0,fake
JIDGTRNRQ7.jpg,0,fake
6AEZ4VBQJS.jpg,0,fake
7U2LVBD2YO.jpg,0,fake
HJEOCP3QEA.jpg,0,fake
ODZJY8KJ80.jpg,0,fake
MZC5BS5U5Z.jpg,0,fake
LL7ILW5VOY.jpg,0,fake
WJ6S5K4D4K.jpg,0,fake
6ULL7OP2UT.jpg,0,fake
4WEJ59XDT2.jpg,0,fake
O3P6096QVW.jpg,0,fake
8X8Q00JUPF.jpg,0,fake
XGK3PHPURW.jpg,0,fake
XT60416GGE.jpg,0,fake
V7CE6U6ZNN.jpg,0,fake
8IJAVOZG6P.jpg,0,fake
V6W2HINDRG.jpg,0,fake
782FK8JJ5N.jpg,0,fake
66BMRJ1O5N.jpg,0,fake
ZOX4AJJURX.jpg,0,fake
AQ651ZRJAK.jpg,0,fake
UQT8KMV4LB.jpg,0,fake
EXIUGI98GF.jpg,0,fake
O2RS7J5RRG.jpg,0,fake
CHN4B5QTUM.jpg,0,fake
EE4ESUZN9L.jpg,0,fake
OC6PGVCJ0M.jpg,0,fake
Q9IHSI6EG6.jpg,0,fake
6OYSTZL7O0.jpg,0,fake
5M8QX4PWIB.jpg,0,fake
P2ZZYP61G7.jpg,0,fake
WXM5BX3L2B.jpg,0,fake
2C4QBBPCD5.jpg,0,fake
3EO2YT5MFK.jpg,0,fake
V0HESH72WB.jpg,0,fake
WBS5Z2Y25W.jpg,0,fake
034KKELVWP.jpg,0,fake
A9LEMCVE6I.jpg,0,fake
7R5GLXK85Z.jpg,0,fake
ZLSCLUHUN3.jpg,0,fake
JSL630VRFK.jpg,0,fake
SG02OFOT27.jpg,0,fake
GH5ZJWNCPC.jpg,0,fake
5ZHFC4UW8G.jpg,0,fake
QY6OOUN59G.jpg,0,fake
T83TDQHDCC.jpg,0,fake
Y5R9LDY3F7.jpg,0,fake
TNCZJD6ZA8.jpg,0,fake
XL3FV1E8NC.jpg,0,fake
FPEPHKEUSY.jpg,0,fake
U54SZGGLUH.jpg,0,fake
G15BXBZRR4.jpg,0,fake
VWVV6U9ZY1.jpg,0,fake
Y0K86HYB8T.jpg,0,fake
MCDQBUQOHF.jpg,0,fake
4SM91CE8NS.jpg,0,fake
5AZQFSY4A6.jpg,0,fake
SCPF15BIQY.jpg,0,fake
VDCC620JF9.jpg,0,fake
MSF1L1I35Q.jpg,0,fake
5II9CBF0PO.jpg,0,fake
2T46IOVBQ2.jpg,0,fake
0HF2GQUBO6.jpg,0,fake
4XYY8ZV1I2.jpg,0,fake
7IWM35QZ9Y.jpg,0,fake
3PJM76GKQ0.jpg,0,fake
G7JGCFM7AM.jpg,0,fake
35BO0YTBQS.jpg,0,fake
DGJ7DNK8DH.jpg,0,fake
I83L5MBSAB.jpg,0,fake
U1131PC5LW.jpg,0,fake
O6XLWRSNKG.jpg,0,fake
X9JQA70OAM.jpg,0,fake
XO1BBH63N6.jpg,0,fake
JWVZ3UR7MR.jpg,0,fake
CD06QE5QXQ.jpg,0,fake
4OV2ZN76FH.jpg,0,fake
1EX90NT34A.jpg,0,fake
JRW59KVYRK.jpg,0,fake
5RZ33E0S64.jpg,0,fake
G0MPSDFNJ3.jpg,0,fake
245WDQISS5.jpg,0,fake
Q4LSRVM0GL.jpg,0,fake
4WY6A8NYG7.jpg,0,fake
MX6CRT5602.jpg,0,fake
XHOVCPAAY9.jpg,0,fake
LPPJEJ3BDT.jpg,0,fake
A3T1O0TCZU.jpg,0,fake
DV7TTA85LP.jpg,0,fake
SE994KJ7D7.jpg,0,fake
XZL25CUX00.jpg,0,fake
4V4MZ5ZUP6.jpg,0,fake
3WAVPTLJBC.jpg,0,fake
HO0TOBSOTA.jpg,0,fake
4QJK3Z7ZZB.jpg,0,fake
1ILM54MK9V.jpg,0,fake
LCETCDH1KJ.jpg,0,fake
GDZUREOAPC.jpg,0,fake
V42T1MXITC.jpg,0,fake
VG1SD46OGN.jpg,0,fake
X3XLYEENQU.jpg,0,fake
BFZCH8RHNW.jpg,0,fake
3L0ME3KCXZ.jpg,0,fake
VR7NH48NCT.jpg,0,fake
6QJ3T53239.jpg,0,fake
K84NP8AHXZ.jpg,0,fake
QDNJD6D03X.jpg,0,fake
F07EUL3LLG.jpg,0,fake
IJKRQCTTK6.jpg,0,fake
IILMLYPN1Q.jpg,0,fake
3NHEAXOUYW.jpg,0,fake
BKB6H5R2IX.jpg,0,fake
EO6EXU7V2I.jpg,0,fake
II0S8O651I.jpg,0,fake
GEJLBTVJA8.jpg,0,fake
NEYLOVFYVQ.jpg,0,fake
W895HFNTHW.jpg,0,fake
PP7EZLI39D.jpg,0,fake
996IDZQJCE.jpg,0,fake
WGPKB7AK05.jpg,0,fake
2F9RZQOUI5.jpg,0,fake
S1NX2V6220.jpg,0,fake
WTKYMVB8BV.jpg,0,fake
RXN86H4ZAS.jpg,0,fake
GHLWSOBHWC.jpg,0,fake
G7QOCH0HJC.jpg,0,fake
DZCSTTPQ1Q.jpg,0,fake
8WB1O6KDZ8.jpg,0,fake
902PMP8752.jpg,0,fake
A92P9NVG5N.jpg,0,fake
TTTITHYEL3.jpg,0,fake
82UM47VXIN.jpg,0,fake
1TG8Y8YVAC.jpg,0,fake
HKOJZ74UFS.jpg,0,fake
XKPCTFZZVU.jpg,0,fake
928QE2FBVC.jpg,0,fake
UI4D7RC1W2.jpg,0,fake
U3VJMNFEFG.jpg,0,fake
4GNUM8L1DW.jpg,0,fake
KB7ST1EE87.jpg,0,fake
5BGI0A5QTA.jpg,0,fake
0GOW7MI5V2.jpg,0,fake
ZPSFB45X6S.jpg,0,fake
O9TB4R6EQZ.jpg,0,fake
3X98TC2OWK.jpg,0,fake
PCRCG9DJIV.jpg,0,fake
IX6WBGD7RZ.jpg,0,fake
PZO1HJ1I02.jpg,0,fake
87NDJFF0IH.jpg,0,fake
KP2LUQMOEO.jpg,0,fake
1JIMRJQDM3.jpg,0,fake
KTFZGMYV45.jpg,0,fake
DKW5IP4W3Y.jpg,0,fake
SPMNQA7EP1.jpg,0,fake
VFH5IZHVKW.jpg,0,fake
9ND2XIPI67.jpg,0,fake
BKLPARFQP9.jpg,0,fake
GUY2TLHNU7.jpg,0,fake
VMHJ8J1JWE.jpg,0,fake
1T2YXJ4RTL.jpg,0,fake
QY3YALUC2S.jpg,0,fake
5FPS4ENTNU.jpg,0,fake
17WHL5CC86.jpg,0,fake
HDU12V20EF.jpg,0,fake
8Q1AHOR4N0.jpg,0,fake
29N40588B5.jpg,0,fake
H9TTLMQ05T.jpg,0,fake
3MWG5N00N5.jpg,0,fake
N1473DYUN8.jpg,0,fake
SCH6K73JPR.jpg,0,fake
BZGSMZKGJS.jpg,0,fake
1C50T9A77U.jpg,0,fake
3EJWH1GWGJ.jpg,0,fake
2HRDQI629H.jpg,0,fake
RXB8R8J92I.jpg,0,fake
839SHP5QOQ.jpg,0,fake
MPJEEPPLIM.jpg,0,fake
C3NLTYBJRG.jpg,0,fake
7TAWOCD71U.jpg,0,fake
3R8IWXI56U.jpg,0,fake
LVU7QYDOSS.jpg,0,fake
TR2SMVLAU1.jpg,0,fake
2QJ4XQBX13.jpg,0,fake
P9TXZEJCBA.jpg,0,fake
T68JJYHNCC.jpg,0,fake
4332283IXB.jpg,0,fake
0IA4YMQHXE.jpg,0,fake
TJOBG4MP29.jpg,0,fake
1B23VVPDT5.jpg,0,fake
WOMD7DOEPN.jpg,0,fake
B8FCGFCX0S.jpg,0,fake
79RX0B6VZM.jpg,0,fake
5L8D65SBQ8.jpg,0,fake
MWED1XBF3S.jpg,0,fake
T18V27DUCG.jpg,0,fake
P1MX9IDU2R.jpg,0,fake
DAU4BTRYFH.jpg,0,fake
4K8PEP7XGS.jpg,0,fake
WAWHQ1T9WK.jpg,0,fake
4Q6N7Y0BY0.jpg,0,fake
LUXHPVLYK2.jpg,0,fake
4J2PXDDWHW.jpg,0,fake
NHTJ1PEA83.jpg,0,fake
AHTVF0H70H.jpg,0,fake
BX4ZEYXGYO.jpg,0,fake
TNTTS5X0GC.jpg,0,fake
FKESZAJUS8.jpg,0,fake
LI1RHZ1XH5.jpg,0,fake
V1G8UFO959.jpg,0,fake
QT2E78W8WT.jpg,0,fake
UXW01WUKS9.jpg,0,fake
QS5BFXIH7B.jpg,0,fake
ZNYICLDWEE.jpg,0,fake
P1QYLKZ3F3.jpg,0,fake
RTVWP5OFDQ.jpg,0,fake
G8VRJBJU1Z.jpg,0,fake
KE3V8XHX41.jpg,0,fake
IV2NT2LDMD.jpg,0,fake
CUSDU3B474.jpg,0,fake
CFT37RPHS2.jpg,0,fake
1BAXG4Z9WM.jpg,0,fake
77A82IBEPK.jpg,0,fake
G70TAF8ZE9.jpg,0,fake
AEZI188093.jpg,0,fake
0TVYLSU0FS.jpg,0,fake
FMJ0C49HL2.jpg,0,fake
TTI4K7G14H.jpg,0,fake
GMKQHMV8ZR.jpg,0,fake
U1ULW8NFKL.jpg,0,fake
GWSYGG5E80.jpg,0,fake
AY9HE29XN8.jpg,0,fake
6IJ695YM2N.jpg,0,fake
BKI3BZDKKV.jpg,0,fake
0GV30X2093.jpg,0,fake
CSSROPSQ9O.jpg,0,fake
H4W85CY0UI.jpg,0,fake
W8ODDPPK7Y.jpg,0,fake
TYIAHTJLHP.jpg,0,fake
JMKAQ8MONG.jpg,0,fake
9S3FSHWYCH.jpg,0,fake
VJETVG3GWF.jpg,0,fake
LF5K3XOYLY.jpg,0,fake
YCQV75TVTZ.jpg,0,fake
5J5DO2V2OD.jpg,0,fake
KBWNFKVWWB.jpg,0,fake
U5H0L3FBTE.jpg,0,fake
VKJDMN7CH6.jpg,0,fake
FWQJ5Z2OUA.jpg,0,fake
66N6FWZE4W.jpg,0,fake
UBCB1309CF.jpg,0,fake
XD4Q6KVBAJ.jpg,0,fake
DDL04HMCP6.jpg,0,fake
BU2G5KYUVG.jpg,0,fake
KDOK99HYD4.jpg,0,fake
D13ZUTHVMB.jpg,0,fake
576XS82Y7S.jpg,0,fake
J6896EO6YL.jpg,0,fake
P2K5S4VOCU.jpg,0,fake
QPMMNCXWDX.jpg,0,fake
8HC8PVV4VS.jpg,0,fake
R3PX4D8GVR.jpg,0,fake
QLQ37TV7CG.jpg,0,fake
PFH9VR6RQS.jpg,0,fake
L201PUMD0F.jpg,0,fake
2QUOA4T2P2.jpg,0,fake
PW4HDUTICH.jpg,0,fake
IWQQOOZA5L.jpg,0,fake
GLU8FDW0Z8.jpg,0,fake
8NJV6DH38Q.jpg,0,fake
VT163U86F9.jpg,0,fake
GFBCNTCIRV.jpg,0,fake
M7ANOFQPGE.jpg,0,fake
SVPOEO6YFA.jpg,0,fake
BCW2VC8TTK.jpg,0,fake
FHFK3XB4PS.jpg,0,fake
V4BDODI4GR.jpg,0,fake
T7C0F82STD.jpg,0,fake
WW8HN6OEPU.jpg,0,fake
91V7EPAI9E.jpg,0,fake
7G7OHHESBU.jpg,0,fake
RP3OBNYKWN.jpg,0,fake
KKBSS85BR0.jpg,0,fake
M34NLDY6E3.jpg,0,fake
DTT7CQDBY6.jpg,0,fake
MKS7O4CLUU.jpg,0,fake
C2I3L50PDU.jpg,0,fake
Q31307W8ZD.jpg,0,fake
D2YJL4WUEB.jpg,0,fake
ZT37B2C3VF.jpg,0,fake
ET2PZFOQUN.jpg,0,fake
RP687QW19K.jpg,0,fake
7ZYC2UHV1R.jpg,0,fake
BUFM5TSEHB.jpg,0,fake
U2GA5XQFJ6.jpg,0,fake
NI1T2UHGYP.jpg,0,fake
UQ8WPSXNUN.jpg,0,fake
WUVVLAAN0D.jpg,0,fake
ADCCO6CS1P.jpg,0,fake
JGEOWNZNEJ.jpg,0,fake
WEOW40O3NU.jpg,0,fake
1XXNM7F534.jpg,0,fake
0UR6TT52WQ.jpg,0,fake
4STL0OFI7I.jpg,0,fake
SB4MZD5XRR.jpg,0,fake
ONVF8JAHZ5.jpg,0,fake
BCXID1YY0B.jpg,0,fake
D9Z46W842X.jpg,0,fake
XMN329EUSR.jpg,0,fake
IZEXIAEHNS.jpg,0,fake
G75Z9YBND9.jpg,0,fake
XP4F6Z2ZDR.jpg,0,fake
7TYLMB00W0.jpg,0,fake
X21YX3ETI7.jpg,0,fake
7JCD5QB9B5.jpg,0,fake
7REMEATRIE.jpg,0,fake
V7723GUXMO.jpg,0,fake
DJEEUE1FQ8.jpg,0,fake
033VXZLWKT.jpg,0,fake
3L3WEYR1A7.jpg,0,fake
HH4XB4RMC9.jpg,0,fake
D118OVS373.jpg,0,fake
GZJCH7U8HG.jpg,0,fake
DHUA7WFEG6.jpg,0,fake
5AOJRDN3ZF.jpg,0,fake
M8RRL411WN.jpg,0,fake
KHDAHUZA9U.jpg,0,fake
3OLHAO9CMZ.jpg,0,fake
82V9R9D4HW.jpg,0,fake
7REA7EYR1O.jpg,0,fake
CX6TR9PYEF.jpg,0,fake
GAZCG8E6MO.jpg,0,fake
8ZY7LVRD0Q.jpg,0,fake
3IFH62KWCG.jpg,0,fake
U0Q6ZIYUV7.jpg,0,fake
OKA1H1V3YP.jpg,0,fake
GQ3XRDRGV2.jpg,0,fake
Z42LL5E6B1.jpg,0,fake
UDSWFDBO4U.jpg,0,fake
63C2VQKNKM.jpg,0,fake
2GMP1VA9CJ.jpg,0,fake
8VF6KSJPT3.jpg,0,fake
VK9WFRB836.jpg,0,fake
VN40CXZL63.jpg,0,fake
M5YF4PYHC2.jpg,0,fake
7F8M227WNX.jpg,0,fake
Q2E15N715X.jpg,0,fake
E4WRTKIM1N.jpg,0,fake
XV7PFXPQJN.jpg,0,fake
5FUP1UQ1UR.jpg,0,fake
PVURLRX6TJ.jpg,0,fake
9IT8ZYB473.jpg,0,fake
YQ6URKRQX8.jpg,0,fake
WD0RLOSUPX.jpg,0,fake
EJ4YEO7JIA.jpg,0,fake
0LEMVP9Y50.jpg,0,fake
ZLWXLR0N8F.jpg,0,fake
EQ1GCH06J0.jpg,0,fake
7V9RPY9ALJ.jpg,0,fake
58EGNTSBYD.jpg,0,fake
AW6G9LTB2B.jpg,0,fake
DTO4UHJ8Q1.jpg,0,fake
82HWFR9RDJ.jpg,0,fake
MBXP52SMKI.jpg,0,fake
2DIQQPK79S.jpg,0,fake
M1EA5Y7FJK.jpg,0,fake
9D0751IF37.jpg,0,fake
ZBOMNGKFVA.jpg,0,fake
QHSZ1T95QS.jpg,0,fake
G662FXJK0H.jpg,0,fake
SGXUB2EZ8X.jpg,0,fake
II6HK0C3WN.jpg,0,fake
F3CZMAZWQ1.jpg,0,fake
W01TNP6YTR.jpg,0,fake
4FK75CA0ZJ.jpg,0,fake
S2M4GQ3RDW.jpg,0,fake
GCX6MGR8OA.jpg,0,fake
UH7N1V9CZY.jpg,0,fake
0FYYJN8M6D.jpg,0,fake
PRYNAEOAD9.jpg,0,fake
DBQAR2IK6F.jpg,0,fake
MXGLQJKF4Y.jpg,0,fake
NDDFALKMQ3.jpg,0,fake
E4TC6E3UQP.jpg,0,fake
XDCLJA6HEF.jpg,0,fake
LFOD5KXVWV.jpg,0,fake
K24X04IBJ9.jpg,0,fake
H3EW2DCE1I.jpg,0,fake
943UXEW47J.jpg,0,fake
XCIY6S2DVM.jpg,0,fake
LXLT0MYQCF.jpg,0,fake
WCNJWAMC92.jpg,0,fake
9S35WY17LL.jpg,0,fake
4ASM12RWMB.jpg,0,fake
MR61XZ5KLL.jpg,0,fake
K7E5TS6C2T.jpg,0,fake
FNHM19RMJB.jpg,0,fake
WXFU83LMJ1.jpg,0,fake
JH6L3A4KYS.jpg,0,fake
OBXD0F6XFW.jpg,0,fake
5S8UQ2UWWQ.jpg,0,fake
VQF65L4M8N.jpg,0,fake
UX8ST9TQC4.jpg,0,fake
TZHIZSK82L.jpg,0,fake
GU05HVF9EX.jpg,0,fake
4ZF16488TV.jpg,0,fake
4CAOU936UV.jpg,0,fake
G7WHM7KGPD.jpg,0,fake
YWOAZ7ADE5.jpg,0,fake
78FW8A5YG5.jpg,0,fake
KEPQ544L7J.jpg,0,fake
LICAAVAI2Q.jpg,0,fake
CM8HAEEHUR.jpg,0,fake
PMSSWZ4QGD.jpg,0,fake
BRYOHU8CD0.jpg,0,fake
D5A6CIXTM2.jpg,0,fake
DO8DIPTVUA.jpg,0,fake
2U2ALQAU75.jpg,0,fake
Q4CJMFTM9V.jpg,0,fake
OVJJX2RG2E.jpg,0,fake
E26NDK0W5Y.jpg,0,fake
1EEPY63J1D.jpg,0,fake
33A1UK0AGR.jpg,0,fake
GWOUJLDJMI.jpg,0,fake
BVV8LWX4HA.jpg,0,fake
CBQN2K13T8.jpg,0,fake
IOE8V1DGR8.jpg,0,fake
Y0OQD288TG.jpg,0,fake
W4ETVKOO9P.jpg,0,fake
5ESISHJ4BK.jpg,0,fake
5080XJ6P5Z.jpg,0,fake
8FVENMW5CS.jpg,0,fake
51ZBS92MNR.jpg,0,fake
PXY6JWXT9H.jpg,0,fake
O5MCSQBCXA.jpg,0,fake
593LLF7333.jpg,0,fake
QYP3ZJGKSD.jpg,0,fake
V7AB9M4XX6.jpg,0,fake
6ROHLG5R4Q.jpg,0,fake
3CU69IOALA.jpg,0,fake
P0PC5GRSJT.jpg,0,fake
TJ3WAM8E9B.jpg,0,fake
L3FXOJMQCS.jpg,0,fake
5DSNE9DFY9.jpg,0,fake
SUJH03F1J4.jpg,0,fake
188417B651.jpg,0,fake
HCLEK6WAI8.jpg,0,fake
569VNVR164.jpg,0,fake
3ZN5M3EM3G.jpg,0,fake
PJWUAEIF2X.jpg,0,fake
ADN04DZX4N.jpg,0,fake
TOX6X0B2YT.jpg,0,fake
ZNCVE0ZKH2.jpg,0,fake
4DVR3B2SRW.jpg,0,fake
Z019YY4CE2.jpg,0,fake
WICF85RVDJ.jpg,0,fake
QE4TVOV4SU.jpg,0,fake
FQ4VDNR3AJ.jpg,0,fake
25J63EFW63.jpg,0,fake
OM3UO966DP.jpg,0,fake
8Z310OIRXS.jpg,0,fake
R9CW484ZQ8.jpg,0,fake
XQ9V05JES5.jpg,0,fake
EM3THYKC2P.jpg,0,fake
MGRX7WI3SD.jpg,0,fake
3Y4Y9CLT6G.jpg,0,fake
T2YRFIIIJH.jpg,0,fake
3G6TI1GENF.jpg,0,fake
96GEG7EE6M.jpg,0,fake
S18RQ2IJNV.jpg,0,fake
TFKUPAKY90.jpg,0,fake
I4O1M2KPPQ.jpg,0,fake
CS6PNBXYPP.jpg,0,fake
3KCFVBLVLM.jpg,0,fake
21RX5M87EP.jpg,0,fake
EAHMWXXHEB.jpg,0,fake
AIGRKG7KFB.jpg,0,fake
D4Z47QYRDN.jpg,0,fake
RYPKHI77YZ.jpg,0,fake
3MR0Z5AXNY.jpg,0,fake
62QXGA2OB5.jpg,0,fake
GIX9XR8MYG.jpg,0,fake
RBPS3CVUVR.jpg,0,fake
O994EJZF2C.jpg,0,fake
E0CONW7D52.jpg,0,fake
FFQGGXUEHN.jpg,0,fake
6698G1EOQ4.jpg,0,fake
8X7AMTBI6P.jpg,0,fake
KY2OPZ3ATR.jpg,0,fake
FLGO6H3E5T.jpg,0,fake
62OYOLI1AS.jpg,0,fake
M24EUWR5UC.jpg,0,fake
DS86BPTE65.jpg,0,fake
MHO34EJAG7.jpg,0,fake
RPKX5LH6I0.jpg,0,fake
80ED17635P.jpg,0,fake
3VW6CLU88W.jpg,0,fake
LIR7KVL8Q2.jpg,0,fake
4TPE9KGY0L.jpg,0,fake
JPEU21ZNOD.jpg,0,fake
6O3V1XMCRI.jpg,0,fake
2TYJ67MYN8.jpg,0,fake
4SIW7T4QO3.jpg,0,fake
6396CIKJ76.jpg,0,fake
P1W9XEMAL0.jpg,0,fake
QFIDOQWXCK.jpg,0,fake
SP6KJL28LI.jpg,0,fake
02X1Y827VY.jpg,0,fake
Q83TKUAXL2.jpg,0,fake
TG4V2OYHS8.jpg,0,fake
TXMCHF3ICP.jpg,0,fake
6H1DI7I5TR.jpg,0,fake
H0Q3ZJ7VSQ.jpg,0,fake
BDJ1NQ1RSX.jpg,0,fake
CGNU0WVOFX.jpg,0,fake
1RB9ADF5DR.jpg,0,fake
Q9HZLMI576.jpg,0,fake
LAD6EG3HJR.jpg,0,fake
8Z7H8E81KW.jpg,0,fake
XIPBU9XAMG.jpg,0,fake
6EY7FLKBDO.jpg,0,fake
F34B368Q7M.jpg,0,fake
SYFPGP0YIL.jpg,0,fake
N7RKXK3H3O.jpg,0,fake
XGZJHVNW6H.jpg,0,fake
FS720VBJHJ.jpg,0,fake
7UM1OQUEF2.jpg,0,fake
VOHNMZRNHI.jpg,0,fake
H7GCMNINHX.jpg,0,fake
RXFQ3ZOOKQ.jpg,0,fake
UJLG7NFD2T.jpg,0,fake
HU7RQEAVNI.jpg,0,fake
3579N4C4HV.jpg,0,fake
W4ASV0PHJI.jpg,0,fake
009X14ED19.jpg,0,fake
YJYIH6P6NS.jpg,0,fake
MMT8LRG9K2.jpg,0,fake
P5G39PQSJ2.jpg,0,fake
XAMQMFFXOL.jpg,0,fake
9V6TEQVGBB.jpg,0,fake
4L2QINC2RS.jpg,0,fake
PEHDP6KLXA.jpg,0,fake
VMNJOUT7ZN.jpg,0,fake
7HMRXVGIRC.jpg,0,fake
S334FMIMX4.jpg,0,fake
FWG4IKR32I.jpg,0,fake
6FWRE3GKU0.jpg,0,fake
X75SHZAT5Y.jpg,0,fake
BLA4ZFIA5Q.jpg,0,fake
5ZPQFB5N8V.jpg,0,fake
S8RZNTLZ62.jpg,0,fake
WNERZ5ZTBI.jpg,0,fake
EKCHOIEO3I.jpg,0,fake
GEC91R7V54.jpg,0,fake
GQ57VN3O4V.jpg,0,fake
URKJP93FZ9.jpg,0,fake
TDF79NLQIE.jpg,0,fake
13X9SCFHZS.jpg,0,fake
16N5Z3FEI2.jpg,0,fake
P7HMPU3XXG.jpg,0,fake
EYEPI7AWKD.jpg,0,fake
F7FE1N10E6.jpg,0,fake
IT42PD6XA5.jpg,0,fake
VT1G4V45YD.jpg,0,fake
S6WQIHD058.jpg,0,fake
K64NJZ6FTQ.jpg,0,fake
GS4T4YWH5M.jpg,0,fake
1LE1PGISXA.jpg,0,fake
QGALE1BQKM.jpg,0,fake
9JI2948ZFS.jpg,0,fake
JAORS1XFUB.jpg,0,fake
FBRWLYEWWQ.jpg,0,fake
MYB81ELXAK.jpg,0,fake
LJR1PK46GW.jpg,0,fake
MZK7A7MSDA.jpg,0,fake
STLXKGRXYL.jpg,0,fake
DSZAQOMHCE.jpg,0,fake
R1RUQJOKM3.jpg,0,fake
XL3EWS5OIN.jpg,0,fake
ZMAMK3O1QX.jpg,0,fake
GMRTAW5WFN.jpg,0,fake
5T8HK6XC4R.jpg,0,fake
CS5B0VQQ9X.jpg,0,fake
HNQQWW4CMH.jpg,0,fake
ZTRQSXO44A.jpg,0,fake
BE59O1V62S.jpg,0,fake
QN981RY6GV.jpg,0,fake
905YTF28JI.jpg,0,fake
A4DBUOCBOU.jpg,0,fake
YRKY1TYOUJ.jpg,0,fake
PKCCT65OQZ.jpg,0,fake
IV0ANPUGAK.jpg,0,fake
DB50UKTTUY.jpg,0,fake
1F94W946YV.jpg,0,fake
LA4KXFSBBK.jpg,0,fake
1HQJWSKW20.jpg,0,fake
X3094J98TT.jpg,0,fake
529ZA6LVG4.jpg,0,fake
OLRGSRBOT6.jpg,0,fake
91PPB77EMR.jpg,0,fake
SBL5AG5QZ8.jpg,0,fake
TUDM1NQOFC.jpg,0,fake
6MJ09YEWJF.jpg,0,fake
GIQ7QKVLPI.jpg,0,fake
F1PTXZLMU1.jpg,0,fake
2PW1OE0VYD.jpg,0,fake
UV00IMTUFI.jpg,0,fake
D13M8SUJXB.jpg,0,fake
L3EWZRC7DT.jpg,0,fake
C2NQZ8RO31.jpg,0,fake
2ZRCGTYPY3.jpg,0,fake
1VRWQ8E6AB.jpg,0,fake
3SJWUFIGTU.jpg,0,fake
Q6QJW5UAZ8.jpg,0,fake
UM1SFDA5OI.jpg,0,fake
6OCOUHTQTE.jpg,0,fake
IAFG2XJ5WN.jpg,0,fake
T9MINQ6YUJ.jpg,0,fake
M8DQB07EM6.jpg,0,fake
V2CUWG65NQ.jpg,0,fake
O8S04S0WDX.jpg,0,fake
KTGSWG9IAU.jpg,0,fake
WQV4PYKC84.jpg,0,fake
EXF9HOWOBT.jpg,0,fake
W6ZHWSE6KV.jpg,0,fake
RY7RWMNN3L.jpg,0,fake
4JI6HSB3E1.jpg,0,fake
1XML6M5TV1.jpg,0,fake
BLXN25BCK1.jpg,0,fake
55JUJZ61JE.jpg,0,fake
O9EUBL7W2T.jpg,0,fake
7JT8OVJEYJ.jpg,0,fake
5CYBD6FIZ7.jpg,0,fake
2MZNJL7S2Q.jpg,0,fake
HWLDNOI914.jpg,0,fake
WTNNEHJQGX.jpg,0,fake
F4M97BF2DX.jpg,0,fake
JINOG3EEFQ.jpg,0,fake
1T4IE8PSKZ.jpg,0,fake
0RQCET3F8X.jpg,0,fake
6TMWDRSSHF.jpg,0,fake
ZSLIRCIX2Z.jpg,0,fake
KZKNAHCB7O.jpg,0,fake
D53Q302JZ0.jpg,0,fake
8QWH23MJ4B.jpg,0,fake
2E4W6ON812.jpg,0,fake
509756LB7G.jpg,0,fake
74HOI4LHZV.jpg,0,fake
5B0D474KPS.jpg,0,fake
ILHPBB6YHA.jpg,0,fake
5SG9HMVLO1.jpg,0,fake
8SQJ7RFS71.jpg,0,fake
0S1FKJPTCP.jpg,0,fake
ZEJE4JD5UI.jpg,0,fake
YUXG27ZXC3.jpg,0,fake
K421KHVLH8.jpg,0,fake
5ZBWXXD4NQ.jpg,0,fake
T2HCYJEKDB.jpg,0,fake
T9WQ2X0S7S.jpg,0,fake
U8NXSF3VSO.jpg,0,fake
L4VN1KY60G.jpg,0,fake
4IGGE8MGZJ.jpg,0,fake
04NTEIYIBZ.jpg,0,fake
IXFFVV5FP4.jpg,0,fake
5YLQV301H9.jpg,0,fake
N5ZQM1RAL3.jpg,0,fake
S3TQ9TJJP7.jpg,0,fake
JJYUZFSCKI.jpg,0,fake
VK80DLC4V4.jpg,0,fake
YTH4LTJOOO.jpg,0,fake
MUUYO93L7V.jpg,0,fake
S27CAVBN3B.jpg,0,fake
DY6F5ZJBBM.jpg,0,fake
EK8I6RAHQ8.jpg,0,fake
8J6NKBOJR3.jpg,0,fake
OANREM5CGK.jpg,0,fake
RNJSGKOM3K.jpg,0,fake
8B2RFE0FR1.jpg,0,fake
9Q2C61JAUA.jpg,0,fake
GAECFKMVCM.jpg,0,fake
SGQGIJXLA3.jpg,0,fake
ZQZRFIUUQG.jpg,0,fake
AFPOMB8UQ7.jpg,0,fake
8SFZBF0ACJ.jpg,0,fake
1ZPFBMA2HX.jpg,0,fake
6Y8LWYL4DF.jpg,0,fake
263PDWIW6K.jpg,0,fake
QK54NQVEKR.jpg,0,fake
INS8MQFWUV.jpg,0,fake
E92BQ5J11N.jpg,0,fake
6Q32FVIE74.jpg,0,fake
UVRMQA2Q9M.jpg,0,fake
PL4PFK90LE.jpg,0,fake
TY24VH0IVW.jpg,0,fake
G38S18232W.jpg,0,fake
KMGKRKBSX0.jpg,0,fake
58RRJ3WIBI.jpg,0,fake
VJXDQQGFMM.jpg,0,fake
MF3VDDIKAT.jpg,0,fake
1G4CT6RUT7.jpg,0,fake
8DXGJ44OU4.jpg,0,fake
MJXXIP1CC8.jpg,0,fake
UJGWMYJUIA.jpg,0,fake
HX6YAN1Z08.jpg,0,fake
4MGDY3J507.jpg,0,fake
MB0VCH1AG4.jpg,0,fake
RJ3C0HCYHE.jpg,0,fake
DTGYTN8O5D.jpg,0,fake
OH2SSM5YC9.jpg,0,fake
J7XCG1TGVL.jpg,0,fake
ZKQEYPI7CQ.jpg,0,fake
3D30FJCL4B.jpg,0,fake
Q63WV5F7KI.jpg,0,fake
CUG3LQC88C.jpg,0,fake
MB0KQVHO3G.jpg,0,fake
PL3WL8B1E6.jpg,0,fake
J1CHI66XAY.jpg,0,fake
H2KY4AJXRO.jpg,0,fake
FTAK6NL5D0.jpg,0,fake
56NISXD7VH.jpg,0,fake
S7VUUAM99P.jpg,0,fake
WC5N6AHHHN.jpg,0,fake
H8ALVZ4RW0.jpg,0,fake
QRQ8ER53RM.jpg,0,fake
X90P30EMBQ.jpg,0,fake
3A62N5HO18.jpg,0,fake
PI0I806QFR.jpg,0,fake
RKA5RQXR0O.jpg,0,fake
EIUTR7MLVN.jpg,0,fake
54DXDROK5C.jpg,0,fake
JN9E4UWTBG.jpg,0,fake
MX65UH9DRA.jpg,0,fake
L5OS0Y2J3D.jpg,0,fake
8L0H3WIM23.jpg,0,fake
40DNGG2DUQ.jpg,0,fake
XYQ4TLMCUV.jpg,0,fake
KIK4LKXP98.jpg,0,fake
M0MO2PTJAD.jpg,0,fake
EVM6AFRCQU.jpg,0,fake
MO3FVVIX0O.jpg,0,fake
FMAUFZIVAB.jpg,0,fake
YF2Z1AOVLJ.jpg,0,fake
RA0EJYBFVG.jpg,0,fake
Q4H4QIQHES.jpg,0,fake
LRDJKJ12TM.jpg,0,fake
UNGC03ZTES.jpg,0,fake
TSO5HAL5R7.jpg,0,fake
34C6LEWLKN.jpg,0,fake
T2PY0BJ4GJ.jpg,0,fake
7M6JZWWMFI.jpg,0,fake
YYGEFBS6ES.jpg,0,fake
WKUHEX8HUB.jpg,0,fake
O1ZLTHJHDT.jpg,0,fake
1IJV1QX9XW.jpg,0,fake
I3TKSRRTS0.jpg,0,fake
IRR1WGTATW.jpg,0,fake
KYMIS1G0TK.jpg,0,fake
KZIUKQ72P8.jpg,0,fake
AFGF3UXZNI.jpg,0,fake
YH1F7B4ONH.jpg,0,fake
KZVTZKZZOL.jpg,0,fake
7F6O9UGQOR.jpg,0,fake
AMOC8BC087.jpg,0,fake
FOYY03ERH4.jpg,0,fake
K5LLGZCII4.jpg,0,fake
6CW18IJMSH.jpg,0,fake
A269IFEO0K.jpg,0,fake
GBBZXUY2WE.jpg,0,fake
7DS4WHOC5X.jpg,0,fake
AR2DLXBCIM.jpg,0,fake
U95ZNXOO1Y.jpg,0,fake
XGOYZCA4LZ.jpg,0,fake
804X5FLJ8Z.jpg,0,fake
L0D4GEHVQC.jpg,0,fake
DQ0ONX40M3.jpg,0,fake
FLAQCIFKF6.jpg,0,fake
9XRPH8K4M9.jpg,0,fake
A3CXNTPOFH.jpg,0,fake
2F2MI83VG5.jpg,0,fake
5AV4ECRIO5.jpg,0,fake
ZVBIRKVLB1.jpg,0,fake
YCQNPPAVR8.jpg,0,fake
9Y428GB53B.jpg,0,fake
RD8TV0NOCR.jpg,0,fake
0ZBCM6JP9R.jpg,0,fake
NSQ7FOE06D.jpg,0,fake
48K6AU9U3V.jpg,0,fake
XFV6XRBWGC.jpg,0,fake
88UX51FT1R.jpg,0,fake
GITCLJP92A.jpg,0,fake
63UNGXWZ5E.jpg,0,fake
8FCXAIGEVF.jpg,0,fake
VD4HU65DFD.jpg,0,fake
WO1U7F4ADD.jpg,0,fake
7S42U7C6MO.jpg,0,fake
P09QJ0Y0PZ.jpg,0,fake
UH2Z6JSQID.jpg,0,fake
JAJRWHIFKW.jpg,0,fake
QC9P14UCXG.jpg,0,fake
GO9RY8O4J7.jpg,0,fake
0HKDI5PAFU.jpg,0,fake
EX6SM1GPL1.jpg,0,fake
MDPWKH6XWN.jpg,0,fake
ZCJN4XOW5C.jpg,0,fake
1LM5JWM5GA.jpg,0,fake
PNRD18QSHB.jpg,0,fake
OH7ZPUOD8R.jpg,0,fake
0JC5JFMN7B.jpg,0,fake
FMLZ4Z4SHG.jpg,0,fake
0DMDKAKLFQ.jpg,0,fake
U5MVHBR582.jpg,0,fake
5XDHRDY1LF.jpg,0,fake
MJ8ATUGVKO.jpg,0,fake
7ZU2K2Z4TC.jpg,0,fake
BI2LW18M7Y.jpg,0,fake
L7KNNTZLE0.jpg,0,fake
RF3UFWW6XT.jpg,0,fake
766W3HO4N2.jpg,0,fake
8EKLSXM770.jpg,0,fake
T3DII0J0MK.jpg,0,fake
2FZ4UXTXJC.jpg,0,fake
UG33GM3PFF.jpg,0,fake
OI7BOF6UL8.jpg,0,fake
RJCHGCGD42.jpg,0,fake
CRCC4W1AKD.jpg,0,fake
KKIDTPZS43.jpg,0,fake
S4I5XHN7ZY.jpg,0,fake
VBC38I3IVR.jpg,0,fake
8GI4E04Z6Q.jpg,0,fake
11QBF37WPD.jpg,0,fake
VHAHMALA8Q.jpg,0,fake
AKL1S6HUNB.jpg,0,fake
3X072LPVDU.jpg,0,fake
BU3UWYEEN5.jpg,0,fake
7YTC24JVZK.jpg,0,fake
C4V91N46Z4.jpg,0,fake
HDMSWKRI96.jpg,0,fake
V8ULW0I8WO.jpg,0,fake
S2UDX9SHF1.jpg,0,fake
VRIYWOBIIP.jpg,0,fake
H128D5NQBT.jpg,0,fake
3R594POUW0.jpg,0,fake
291SPF4VBH.jpg,0,fake
YJI8HSE61Q.jpg,0,fake
JHDV7QFVGP.jpg,0,fake
6VO9FMNC2E.jpg,0,fake
04T0TAZFRU.jpg,0,fake
TR48KZPKAM.jpg,0,fake
VVUNI3J0EM.jpg,0,fake
Q6LAM2J7F6.jpg,0,fake
4OHN87FY8Z.jpg,0,fake
JPARCPHEM4.jpg,0,fake
78FFN1YQYP.jpg,0,fake
FG4YNHXS8K.jpg,0,fake
NV6NP6Q7ZE.jpg,0,fake
OO212576IX.jpg,0,fake
6DG9UGK9XV.jpg,0,fake
HWU9TVTLFO.jpg,0,fake
MDPAR7PP6A.jpg,0,fake
TY4MSJIGII.jpg,0,fake
JKIPFRWTSH.jpg,0,fake
L1BZ0VG40K.jpg,0,fake
D5JBBE4Y6S.jpg,0,fake
DNIJUUJAPS.jpg,0,fake
1T4EAJ2ZSZ.jpg,0,fake
DGCCW2YV0S.jpg,0,fake
6MOX47P8HB.jpg,0,fake
GNADXEUIFL.jpg,0,fake
ONPSRVXIDA.jpg,0,fake
ILG4ZOMLND.jpg,0,fake
0QRRYJXXEW.jpg,0,fake
UX2HPO9Y7O.jpg,0,fake
WGR02DSNJH.jpg,0,fake
JY57HN3JGS.jpg,0,fake
OWRLH7C6RZ.jpg,0,fake
AXDCHZAOZM.jpg,0,fake
7X3407GSGS.jpg,0,fake
6GLQQBYF4Z.jpg,0,fake
CUPSNM98S8.jpg,0,fake
D7SQW9ZP90.jpg,0,fake
SZ1DVJCTBX.jpg,0,fake
4W01JGLBWX.jpg,0,fake
R8GLKPSM0O.jpg,0,fake
MHCO7LR7Z8.jpg,0,fake
S19X89088Z.jpg,0,fake
9V8JGL6ARD.jpg,0,fake
JXI9SYA56C.jpg,0,fake
3B2JV6E550.jpg,0,fake
ZX1L04IYB0.jpg,0,fake
GYEEITLYYO.jpg,0,fake
B8WMKG47WD.jpg,0,fake
B9695DVGVF.jpg,0,fake
0TR5ZJR7MX.jpg,0,fake
IBK45DT469.jpg,0,fake
3SDKVKKEI0.jpg,0,fake
ZC12J7XOW5.jpg,0,fake
YY26JKASB4.jpg,0,fake
0QBY45PC9T.jpg,0,fake
338JCT2Y23.jpg,0,fake
1D1UDH83TM.jpg,0,fake
V6GWHJ9545.jpg,0,fake
9P1RF76IIO.jpg,0,fake
9W4DFPW2B1.jpg,0,fake
NHOV3CAOOG.jpg,0,fake
PN5U0U8UMQ.jpg,0,fake
RW9I1UQUNM.jpg,0,fake
VC9XUJ3UGL.jpg,0,fake
SOCNW6CJDS.jpg,0,fake
3TSB0ZK5JU.jpg,0,fake
8AOTA2903J.jpg,0,fake
06B3SMWZIJ.jpg,0,fake
DUJXHSJG49.jpg,0,fake
PFS1VUP0GX.jpg,0,fake
KPC32XJA9H.jpg,0,fake
LVY0BTDW3C.jpg,0,fake
JA3IVHBIDS.jpg,0,fake
21CDSEAZX8.jpg,0,fake
81HRBBPQ21.jpg,0,fake
170TD8AONH.jpg,0,fake
GJCI5VRPUX.jpg,0,fake
QQKC8PPPPA.jpg,0,fake
5VM3QQ9SD8.jpg,0,fake
ACNCVL75F2.jpg,0,fake
1HI55BCDRO.jpg,0,fake
HBNDJA9J8A.jpg,0,fake
0PSHXE99VY.jpg,0,fake
BKFA3B52N8.jpg,0,fake
IT7SARL3BL.jpg,0,fake
Y0PAPHPIM8.jpg,0,fake
CYFQS81HHQ.jpg,0,fake
HE6JG2A6ZV.jpg,0,fake
939UO5V13C.jpg,0,fake
HSMR53OFF0.jpg,0,fake
LMYAXRA5IM.jpg,0,fake
0UT2UIW10U.jpg,0,fake
TSS4ZB0C7F.jpg,0,fake
ARD3CQCS1U.jpg,0,fake
EX4L7I77TB.jpg,0,fake
V9IYF35ROP.jpg,0,fake
W1HDPF5T9R.jpg,0,fake
GKSATEEYK3.jpg,0,fake
1H3LR11BPD.jpg,0,fake
CBJV00OOOL.jpg,0,fake
ZUA713574M.jpg,0,fake
EL4D820M9Y.jpg,0,fake
RR1ZLDQ5NJ.jpg,0,fake
PLVDC0YUF8.jpg,0,fake
ZXNGBQ0XR5.jpg,0,fake
Q8VRGCOUX5.jpg,0,fake
019MPFQ50W.jpg,0,fake
SCF81P62GV.jpg,0,fake
C7GFOS6OM2.jpg,0,fake
L7LOAD8LC0.jpg,0,fake
OITRUACOMC.jpg,0,fake
N9W0A08IN7.jpg,0,fake
XM1QAB3EK5.jpg,0,fake
AQKMNG0YZ5.jpg,0,fake
XQQSSWVA85.jpg,0,fake
5J2QDM6CUA.jpg,0,fake
YTJSW912OX.jpg,0,fake
8C94SRJMSD.jpg,0,fake
KZRXIRNUA2.jpg,0,fake
CTJPOH8J05.jpg,0,fake
L0PXQKHUMP.jpg,0,fake
H3OP3PHW68.jpg,0,fake
GXDT0AMSZH.jpg,0,fake
1B5CB5SGAK.jpg,0,fake
5CA33PNHLW.jpg,0,fake
OWJC50F3Y5.jpg,0,fake
TZIZT9DBY4.jpg,0,fake
FVJ2QOIO3Z.jpg,0,fake
U87P4MU3ZE.jpg,0,fake
HGEM4AUS2S.jpg,0,fake
1HCZNZO90L.jpg,0,fake
8EO5SINVT1.jpg,0,fake
9MCCUPN8C7.jpg,0,fake
56ME555J9R.jpg,0,fake
P4FB5XAORI.jpg,0,fake
2G3DT6XO20.jpg,0,fake
YGM3JDU31P.jpg,0,fake
A7QZY3SMJB.jpg,0,fake
UHZSZZ0RD7.jpg,0,fake
8UI2M1GW5G.jpg,0,fake
SULN5JS8FE.jpg,0,fake
G1CCULCJB8.jpg,0,fake
XYJTP53P1G.jpg,0,fake
VZJSXEW5VP.jpg,0,fake
VSA2H66KY5.jpg,0,fake
3HOE67FEHM.jpg,0,fake
UNVESCL0SR.jpg,0,fake
M38R7D2WJ9.jpg,0,fake
ST0GBQMJXK.jpg,0,fake
WNZGFW9BWG.jpg,0,fake
IKMDYG0HYE.jpg,0,fake
0KSFJELBJW.jpg,0,fake
2PFOGG9Z8R.jpg,0,fake
YDOQT58SUO.jpg,0,fake
SW4AIPX4IO.jpg,0,fake
FPTHMEVVTE.jpg,0,fake
X30BEVVIF1.jpg,0,fake
DLE2KC2TC2.jpg,0,fake
FX0GEJZ9HJ.jpg,0,fake
ZN5PP844KS.jpg,0,fake
WVQGCOR79E.jpg,0,fake
6ZNFDF45JN.jpg,0,fake
68P20A7BD6.jpg,0,fake
ADNFO2ARD4.jpg,0,fake
WE8DPC7EJP.jpg,0,fake
5FT4EU6KJL.jpg,0,fake
XRH5L7UNBW.jpg,0,fake
8JIVKNUW9E.jpg,0,fake
P64JV8WYEH.jpg,0,fake
4NV0HYRL8D.jpg,0,fake
ISP7603RYX.jpg,0,fake
6RG5P8LWQL.jpg,0,fake
DB1LYT94NH.jpg,0,fake
XJFG92HLLE.jpg,0,fake
KLY1Y7HSFQ.jpg,0,fake
L82GC2ZW4M.jpg,0,fake
F6GASXD29U.jpg,0,fake
ATQBSELUJW.jpg,0,fake
J5UFQ3W4FX.jpg,0,fake
YZNSQQICXU.jpg,0,fake
8HMHB11HBK.jpg,0,fake
RRMXV9GPNM.jpg,0,fake
RWDD999795.jpg,0,fake
4HQ3Z7QWYH.jpg,0,fake
TKL5E27HNI.jpg,0,fake
MG1J52NAER.jpg,0,fake
EU1USGKSU7.jpg,0,fake
8W0CQOZ2ZV.jpg,0,fake
YXKC6AOI8A.jpg,0,fake
1JZQXJV5FS.jpg,0,fake
VZHWX2HFQN.jpg,0,fake
FRV44JVD7H.jpg,0,fake
JNCKNXKUKN.jpg,0,fake
LLV98B5NMK.jpg,0,fake
UWKVEMHK0A.jpg,0,fake
I56LTUL9SY.jpg,0,fake
KNN69JDLA5.jpg,0,fake
1GXA0TYOW9.jpg,0,fake
8USVIH1391.jpg,0,fake
57X5EN51BA.jpg,0,fake
VKNR9H07JY.jpg,0,fake
WY99WZT4HS.jpg,0,fake
W3GKYUND29.jpg,0,fake
0L4J0907U5.jpg,0,fake
L5WK4KKWRF.jpg,0,fake
TNAAM3538K.jpg,0,fake
HEFGB2DJRW.jpg,0,fake
X4L3VATO3B.jpg,0,fake
RYIJ9OOWA0.jpg,0,fake
QDMFKUV778.jpg,0,fake
U45LG2CHN3.jpg,0,fake
MXDQXVEFFN.jpg,0,fake
IQ06EZQIMX.jpg,0,fake
HMZEK10QLI.jpg,0,fake
34VJK1FK0C.jpg,0,fake
I4XBKSEVYM.jpg,0,fake
BZ8QEI5XFY.jpg,0,fake
8B67X87EKM.jpg,0,fake
LUEIPG8EEC.jpg,0,fake
3085VMMWNJ.jpg,0,fake
R9TFQ7NFP4.jpg,0,fake
9SPOHKCGS0.jpg,0,fake
RZBHGP17D4.jpg,0,fake
1A48QAD86H.jpg,0,fake
TFPCFAB518.jpg,0,fake
TQFB05F189.jpg,0,fake
0LJSRBV68J.jpg,0,fake
OEZN02YMZT.jpg,0,fake
YRVS3GLUTP.jpg,0,fake
L7XH7A6YJG.jpg,0,fake
8TWTGGI11X.jpg,0,fake
M97UGPMJL3.jpg,0,fake
HT6Q5Y05IZ.jpg,0,fake
1HI4ZFFDCM.jpg,0,fake
WKZLG0G2ZI.jpg,0,fake
N14G1JJ2US.jpg,0,fake
24QIU2MGCF.jpg,0,fake
CV2L7W4RC0.jpg,0,fake
N0NOX5PWHS.jpg,0,fake
TFPKCZ8CGN.jpg,0,fake
9JEQOJWQEO.jpg,0,fake
1CSIJ6YYY0.jpg,0,fake
53DXFDPG8L.jpg,0,fake
E17ZB7RQNZ.jpg,0,fake
DX5074FIZY.jpg,0,fake
QBVQYPPREW.jpg,0,fake
PMTLOF1EF2.jpg,0,fake
ES61LMKSWS.jpg,0,fake
6Q4O58OVRJ.jpg,0,fake
Q9RICW9KWE.jpg,0,fake
AMWRFYZHV6.jpg,0,fake
VRYP7L90CZ.jpg,0,fake
NZIDCNQ06G.jpg,0,fake
RLCVF0OS2J.jpg,0,fake
OAN93NZVXD.jpg,0,fake
QFJZX75XYE.jpg,0,fake
F143V3L4FI.jpg,0,fake
YAXOZU9YF8.jpg,0,fake
2RTVG3JY7B.jpg,0,fake
LBMO4U24VO.jpg,0,fake
FLRT9AHL98.jpg,0,fake
AV2V9QA7CZ.jpg,0,fake
D8KBMQWS1S.jpg,0,fake
VFCEAJTF2U.jpg,0,fake
6B94YYKZB6.jpg,0,fake
2ZNPDIHJHM.jpg,0,fake
J6S0FNL8AM.jpg,0,fake
2LG1K8HR7B.jpg,0,fake
F7O7RC33XE.jpg,0,fake
PSUIE37VOQ.jpg,0,fake
7DN0BOPQZM.jpg,0,fake
JA1DD8HUYN.jpg,0,fake
017VGJOA5T.jpg,0,fake
HJXVUIOK78.jpg,0,fake
LYHD1FP23Q.jpg,0,fake
RKJAA7TM02.jpg,0,fake
S8R0OHZ4AZ.jpg,0,fake
SASVNYM5RD.jpg,0,fake
LB12LKIQ3M.jpg,0,fake
EY9KPO74QG.jpg,0,fake
CQ023XDZH3.jpg,0,fake
PL40TQ9IL5.jpg,0,fake
UM5B86JC9T.jpg,0,fake
I84NEX1M9Z.jpg,0,fake
GMCGBKZHGV.jpg,0,fake
J0BEOWDGIO.jpg,0,fake
Q1QRBJE3O5.jpg,0,fake
6N0QLLVB6R.jpg,0,fake
31Z64HA0YL.jpg,0,fake
PWFQCFE3RR.jpg,0,fake
HM3KW7I34D.jpg,0,fake
VZJJ0GXK0Z.jpg,0,fake
IGXYU5VFRL.jpg,0,fake
5F1M717ERU.jpg,0,fake
Y36C9HJOWD.jpg,0,fake
8UGEZ53BNC.jpg,0,fake
J33TH3HU37.jpg,0,fake
CLXHE90DE2.jpg,0,fake
4NFI441S4G.jpg,0,fake
5AODJALQ2F.jpg,0,fake
VR2D2U6C5Z.jpg,0,fake
OCK62TAX3S.jpg,0,fake
PX5GQL2886.jpg,0,fake
GS8JXGF3D0.jpg,0,fake
W4ITGDRU3A.jpg,0,fake
SIL2MZMCMR.jpg,0,fake
QU1QSV3TG8.jpg,0,fake
BOG54YFCET.jpg,0,fake
ZSHLUS9AJV.jpg,0,fake
1WYJWA9NZ1.jpg,0,fake
DBFHX6WMLY.jpg,0,fake
9I2D37CAKZ.jpg,0,fake
OTA08UDMDF.jpg,0,fake
Q4HPB15XAA.jpg,0,fake
3P408EMQD5.jpg,0,fake
KKPNPRI0KG.jpg,0,fake
NNKIYAH502.jpg,0,fake
E1NVSGVQSY.jpg,0,fake
47IY6MWT5E.jpg,0,fake
QIGVJOR4EY.jpg,0,fake
NUTBAZ697H.jpg,0,fake
JONMCS7FBV.jpg,0,fake
HCKQ238NVD.jpg,0,fake
V6JHE4RGIJ.jpg,0,fake
JMDIH5H20S.jpg,0,fake
1L9UW6H10N.jpg,0,fake
DQDC3EA7VJ.jpg,0,fake
7LCF0TT42Z.jpg,0,fake
N3TQ55ND58.jpg,0,fake
RBUKO1AOH3.jpg,0,fake
2NBOOSMHJR.jpg,0,fake
VDSC00AI97.jpg,0,fake
5LEOU49CW5.jpg,0,fake
OXFX2STVMZ.jpg,0,fake
0OU2G7CNE7.jpg,0,fake
VTK4ZSJ81A.jpg,0,fake
AIOFG0X3Z9.jpg,0,fake
PHR7T0V90H.jpg,0,fake
U2OWRO34WJ.jpg,0,fake
VNENIWH8ZP.jpg,0,fake
9YVO4XC8SM.jpg,0,fake
FKTSNM70V7.jpg,0,fake
BB4LJLPH4Q.jpg,0,fake
XFC01JIOI8.jpg,0,fake
WMD4193XK4.jpg,0,fake
3K88HMO9EE.jpg,0,fake
YNDFRCLZ2K.jpg,0,fake
ZZ135M3KLU.jpg,0,fake
FDTX0QGMFW.jpg,0,fake
9BXFKNPP5T.jpg,0,fake
1V22ILIRB0.jpg,0,fake
6JYJ9Z9F3B.jpg,0,fake
YQJK51U7CR.jpg,0,fake
YJ5ZTFVM71.jpg,0,fake
XQIGPOIIJ0.jpg,0,fake
LQ18PD1W9O.jpg,0,fake
KRHA977WZA.jpg,0,fake
ZD39PS8IKF.jpg,0,fake
CYD1IRZALS.jpg,0,fake
0930A9DWRE.jpg,0,fake
NJPP22H82T.jpg,0,fake
933A4OCIF9.jpg,0,fake
DG1ARR73KE.jpg,0,fake
HBFGPNBGU4.jpg,0,fake
EE5RFYZ8MI.jpg,0,fake
QJTHSXA99F.jpg,0,fake
77UIDIDAKJ.jpg,0,fake
QTVV5MCZO4.jpg,0,fake
VMLVWUCNE3.jpg,0,fake
TPINVIQFCP.jpg,0,fake
AFK5PK9YCE.jpg,0,fake
JO4OGZDVEZ.jpg,0,fake
CGX71XB9RB.jpg,0,fake
6UTYKPF522.jpg,0,fake
6AZMEZ5QDE.jpg,0,fake
YVTNEOOF25.jpg,0,fake
PSQ8UDZXDD.jpg,0,fake
O24ESES9K8.jpg,0,fake
C5RE9NBS6X.jpg,0,fake
7IVV7P9SMH.jpg,0,fake
OEJMLM5HGH.jpg,0,fake
5X8F87RPA5.jpg,0,fake
BDYTZ1YZ4J.jpg,0,fake
3YVP285SDG.jpg,0,fake
QPG0ALRDW2.jpg,0,fake
UGJWSFY2AE.jpg,0,fake
200UMQN7VL.jpg,0,fake
5EF6NPOT0A.jpg,0,fake
NVQ7PYQ17I.jpg,0,fake
V49G8SWY5U.jpg,0,fake
BN4BTISSI4.jpg,0,fake
15JTNLQDHD.jpg,0,fake
04LF7X0ZSI.jpg,0,fake
DUC9997PCB.jpg,0,fake
YNPF8RVGAR.jpg,0,fake
OXPA3842ST.jpg,0,fake
V65ST37ITP.jpg,0,fake
7990RAXM7U.jpg,0,fake
HW51F5FIOO.jpg,0,fake
R7XBY8GJ01.jpg,0,fake
IFDP1OJYEJ.jpg,0,fake
AV7926JMCQ.jpg,0,fake
81GJX3M1SF.jpg,0,fake
6KXYY9DL0T.jpg,0,fake
VH1L0P8EPB.jpg,0,fake
L2OB0C6HTV.jpg,0,fake
8WMAGFTG7A.jpg,0,fake
WUBUGPX41Y.jpg,0,fake
Z6D5QRKKLT.jpg,0,fake
R0N9LAGR52.jpg,0,fake
U83W6FNNXS.jpg,0,fake
RUZ0KIWNQM.jpg,0,fake
8VV1DWRKPM.jpg,0,fake
09CLOBZ2SP.jpg,0,fake
BPOTVI7LV0.jpg,0,fake
HFJMHM8QWX.jpg,0,fake
9YBJPWC3D5.jpg,0,fake
DKCIGG7TX9.jpg,0,fake
YTDAR0JNEC.jpg,0,fake
V1U8YH9MPZ.jpg,0,fake
XYT20DL0PA.jpg,0,fake
WUV9IZTBZ1.jpg,0,fake
FNRGAVFA33.jpg,0,fake
2LZ7VAPBYN.jpg,0,fake
0BYS14GRLS.jpg,0,fake
5GJJQW242X.jpg,0,fake
QYICJ7YJFZ.jpg,0,fake
66ARDQTTNE.jpg,0,fake
2IAMFKEPL1.jpg,0,fake
F2BPWYYF4B.jpg,0,fake
4P9CLXJFZ7.jpg,0,fake
KWOMHEMDPJ.jpg,0,fake
6TNOM464V0.jpg,0,fake
TT00KEC14G.jpg,0,fake
GRGN2T15B3.jpg,0,fake
F6M7FA32SP.jpg,0,fake
0KF2WT928J.jpg,0,fake
66JXJM6BEU.jpg,0,fake
XLY3RVPS49.jpg,0,fake
VRFWTCJZCX.jpg,0,fake
Z1II5ZJVZE.jpg,0,fake
L1B88UPADM.jpg,0,fake
ZVZ9M7VGV6.jpg,0,fake
OFR2M5XVMG.jpg,0,fake
R0QFVOVJG4.jpg,0,fake
AEAADOBQRH.jpg,0,fake
B6B8O4FE8E.jpg,0,fake
A1YKK9LCAN.jpg,0,fake
RG02YNDWY9.jpg,0,fake
AH07RPKVFW.jpg,0,fake
HMQCS7NWPZ.jpg,0,fake
FKCJ9N9E6I.jpg,0,fake
V8JT2N43IZ.jpg,0,fake
9EIJEQ2H34.jpg,0,fake
H3VH6KREU6.jpg,0,fake
1HCARWL3NW.jpg,0,fake
DSBH4QWIJ4.jpg,0,fake
RHSUHZ89CN.jpg,0,fake
PPEEFNQK1G.jpg,0,fake
WYVOGUJ7PH.jpg,0,fake
SRG1XLQSYZ.jpg,0,fake
VXY3BE938R.jpg,0,fake
UDACMSZ75V.jpg,0,fake
7ZXA4V8ZLM.jpg,0,fake
R4C95WO1R5.jpg,0,fake
UWURQ7MOR5.jpg,0,fake
2E7V3HK5FW.jpg,0,fake
G5AWDKAOR7.jpg,0,fake
BEZKTWSXB6.jpg,0,fake
RBBKUBEM6D.jpg,0,fake
45ORL6V1OX.jpg,0,fake
ICQBWD15YD.jpg,0,fake
FBPOOXVTD0.jpg,0,fake
0295XVJX3G.jpg,0,fake
ITPKF0HKFH.jpg,0,fake
463HN294XO.jpg,0,fake
QIY15P0XV6.jpg,0,fake
PFTT2PK0DS.jpg,0,fake
6L9JBP97HR.jpg,0,fake
R9IUUCDGAA.jpg,0,fake
4UEPOBHJGN.jpg,0,fake
YSQV3MBSOO.jpg,0,fake
OBK5LZN37N.jpg,0,fake
FT7DP6NT8G.jpg,0,fake
02Q9VQSTFT.jpg,0,fake
RQOHOQ1HZ9.jpg,0,fake
7THJOT6AL4.jpg,0,fake
K9NTPLM4MJ.jpg,0,fake
ZA1KGRGD2X.jpg,0,fake
E3XRPTLMJK.jpg,0,fake
KMAJ8Z1I6N.jpg,0,fake
4B1SU4JNY0.jpg,0,fake
MNKBWAKZNL.jpg,0,fake
IHCIZMMADV.jpg,0,fake
XZOPK1LFYJ.jpg,0,fake
TZDTBHM7DC.jpg,0,fake
LT3E9TA7ZH.jpg,0,fake
7L4BNBO561.jpg,0,fake
IHF77X8GOT.jpg,0,fake
Q4UG2Z6TLF.jpg,0,fake
J0O0BEQGRC.jpg,0,fake
U1OUB4LLIH.jpg,0,fake
VCAAUV5SRN.jpg,0,fake
NN9TM67JYT.jpg,0,fake
TA54WN5298.jpg,0,fake
BYDRQSKPQH.jpg,0,fake
87BTNLC2W1.jpg,0,fake
JZCQGDFHB6.jpg,0,fake
XTZ9VUGVS5.jpg,0,fake
K8DTIA060N.jpg,0,fake
896OGN6SW3.jpg,0,fake
5JD79ECGYW.jpg,0,fake
OHYQ625JJ2.jpg,0,fake
AMX3BFQC93.jpg,0,fake
9FDDZOHH3W.jpg,0,fake
ANY9E3OKT2.jpg,0,fake
IVUJ2Y82RQ.jpg,0,fake
92BVF2MU7S.jpg,0,fake
2X7R1C8DDA.jpg,0,fake
PG0PVA6JC0.jpg,0,fake
N6W92ZKUGY.jpg,0,fake
EVWD8PYN1R.jpg,0,fake
RKU322OUDY.jpg,0,fake
2IGHQWQ5IX.jpg,0,fake
UCCIUUNIO4.jpg,0,fake
1KPKHEHR22.jpg,0,fake
BTMGNDQ3SR.jpg,0,fake
AA2XMB47JN.jpg,0,fake
WE6SL6TSF2.jpg,0,fake
WPKY4KGW9H.jpg,0,fake
D7HEH9R8PX.jpg,0,fake
8JN241D2KO.jpg,0,fake
NF7JYN60H1.jpg,0,fake
1AW32V0YRU.jpg,0,fake
FJ7SH87A8P.jpg,0,fake
CEHU46KQS1.jpg,0,fake
52RLI3OO0A.jpg,0,fake
EGTYJ0XBZU.jpg,0,fake
NLH7SB7Z9P.jpg,0,fake
QUQHB7WZHJ.jpg,0,fake
Z8X41QSKKF.jpg,0,fake
8HFP0UG3RH.jpg,0,fake
XMPZBNAU7Q.jpg,0,fake
G5RH4TOUD1.jpg,0,fake
FHL6TIJFQM.jpg,0,fake
41VVA88FOK.jpg,0,fake
KFJOKCE1TG.jpg,0,fake
G46FDE692Y.jpg,0,fake
RL16OQOVPY.jpg,0,fake
D7FM6APP6Q.jpg,0,fake
CNXPMM6FF1.jpg,0,fake
9WXEG7E7N7.jpg,0,fake
QUNDXX7GUW.jpg,0,fake
14TY1MVC6L.jpg,0,fake
NT9LBODCHS.jpg,0,fake
X3NVJH6B62.jpg,0,fake
LFF3QSZ6LY.jpg,0,fake
ZRD3D5EDY5.jpg,0,fake
N1J34S412R.jpg,0,fake
KE85XOZ6IF.jpg,0,fake
BUJE88CCYM.jpg,0,fake
RZ31K33GH2.jpg,0,fake
QN4CT3BIPB.jpg,0,fake
XJ6GBEGG5W.jpg,0,fake
C98SOU2RC6.jpg,0,fake
EJ4DHQ5BH0.jpg,0,fake
51DDCIPZ4B.jpg,0,fake
5SKDW8LMK8.jpg,0,fake
GTUGKWV3DU.jpg,0,fake
UMXQU38UD3.jpg,0,fake
KL0VBXXZAO.jpg,0,fake
53TP2ZIWBW.jpg,0,fake
4DT80IV8B3.jpg,0,fake
4MNQ4U6XD2.jpg,0,fake
ZA6FQX9O9K.jpg,0,fake
VJY4HTDSH3.jpg,0,fake
2JXA4LALBJ.jpg,0,fake
8T3VP9WBYX.jpg,0,fake
MVXER7WPHI.jpg,0,fake
D6AB1BMSNX.jpg,0,fake
7ZESRO2GWJ.jpg,0,fake
ZGG6OELDRG.jpg,0,fake
O7LRERGZKG.jpg,0,fake
V6VZ8Q7SOD.jpg,0,fake
NR86ZIX5SD.jpg,0,fake
1Q6PE9W53U.jpg,0,fake
T3CQ53MQUI.jpg,0,fake
AX5R5WK2BJ.jpg,0,fake
IDHFOA6KY0.jpg,0,fake
TLMT2K7COT.jpg,0,fake
0EHGGMDEDA.jpg,0,fake
Y17H82R1NL.jpg,0,fake
LVNMJN33PE.jpg,0,fake
2ZQBZB4REN.jpg,0,fake
VF7BAXDTR9.jpg,0,fake
BGL668LXUT.jpg,0,fake
CBWYR636AH.jpg,0,fake
UPR8HXTK4D.jpg,0,fake
G57C0U1ZNH.jpg,0,fake
0AS16QER71.jpg,0,fake
WAUYWW32CT.jpg,0,fake
NKF0HKIJX4.jpg,0,fake
N6DC2Y0XMV.jpg,0,fake
GLN4VY01IJ.jpg,0,fake
CPRM47ZIJV.jpg,0,fake
GIDJD3T87V.jpg,0,fake
FYG5BWIK9W.jpg,0,fake
Y7I4GOFLO9.jpg,0,fake
7XMGH80E3O.jpg,0,fake
U1IJDVQ5C9.jpg,0,fake
KAH2AYKWP0.jpg,0,fake
I2KFSQX01P.jpg,0,fake
41TMULABJ4.jpg,0,fake
3WJFXLZ7AB.jpg,0,fake
KATZZQI96O.jpg,0,fake
ZWQR3FXVP1.jpg,0,fake
VI6939PXWX.jpg,0,fake
WHLLQ6TH86.jpg,0,fake
ZT63Z9PXSN.jpg,0,fake
A8CM5TRFG9.jpg,0,fake
J1CVDK274Q.jpg,0,fake
BEQSN8B11C.jpg,0,fake
AV13L1CZFD.jpg,0,fake
Y0MCW4A2NY.jpg,0,fake
P71NECUP2I.jpg,0,fake
W2ZE2V2T21.jpg,0,fake
XDNDN0MHAD.jpg,0,fake
RKDYDG6M9G.jpg,0,fake
NRCOQ1KJCR.jpg,0,fake
AZSG6VYT77.jpg,0,fake
LZ962GWL7C.jpg,0,fake
5Z9GUM3D78.jpg,0,fake
5G2KHZSQDX.jpg,0,fake
XX3GX00SIG.jpg,0,fake
YSEC93E3DX.jpg,0,fake
IOS5JGNY6N.jpg,0,fake
0RA7ZSKNC9.jpg,0,fake
PSWM4A63ZT.jpg,0,fake
JMON3UN55C.jpg,0,fake
H1HE312MAB.jpg,0,fake
SW1YHXE40F.jpg,0,fake
E9J7BFB8U4.jpg,0,fake
Q294LHOWM8.jpg,0,fake
97CQ9P9OTJ.jpg,0,fake
0R2DBJIC4B.jpg,0,fake
AHJZ3PK0I0.jpg,0,fake
C2D44C4YPG.jpg,0,fake
0W1T5URQKB.jpg,0,fake
YLESSOBRN8.jpg,0,fake
LECAC9H2IC.jpg,0,fake
5XAHVPXGJ0.jpg,0,fake
4YLS009GXZ.jpg,0,fake
8OE6NZXUA6.jpg,0,fake
HGF540APFW.jpg,0,fake
RIQB9B2JC8.jpg,0,fake
RVJ0MVQ39C.jpg,0,fake
NK3R60CVL9.jpg,0,fake
CXK1Q2R2CC.jpg,0,fake
6EBH2JUUE8.jpg,0,fake
Y55ZV9Z4OX.jpg,0,fake
KSG4ETBVE7.jpg,0,fake
5M16AT22GK.jpg,0,fake
7BQCAG49ZH.jpg,0,fake
73A3TJV4P4.jpg,0,fake
FGODFYSE50.jpg,0,fake
ZIRR16A87E.jpg,0,fake
1GZT9O2RIA.jpg,0,fake
HF2A2KFN6R.jpg,0,fake
DS7FJB0VP8.jpg,0,fake
PXRBTM2GR0.jpg,0,fake
LGAFUH9EBP.jpg,0,fake
K1FZ511502.jpg,0,fake
HMTLJS8NP0.jpg,0,fake
FQKRWCV5V1.jpg,0,fake
MM3SOAPKWG.jpg,0,fake
XH9W633QE3.jpg,0,fake
E45QV992D1.jpg,0,fake
ZA95GQJW9U.jpg,0,fake
11LR6JFKNU.jpg,0,fake
V0VKSM25VA.jpg,0,fake
BVP9GPW4YV.jpg,0,fake
U8X1TWQ81W.jpg,0,fake
SS937OWHIQ.jpg,0,fake
K4JEQDT57R.jpg,0,fake
41LINXRA7M.jpg,0,fake
86LBJS6ZXC.jpg,0,fake
KXOA1E7P2X.jpg,0,fake
EE576JZYDB.jpg,0,fake
677KS8B0Z6.jpg,0,fake
LZ65CW85UR.jpg,0,fake
RGFWEC2J57.jpg,0,fake
5GL5RDKLK1.jpg,0,fake
O837MZEJVK.jpg,0,fake
GWZ5TK58BQ.jpg,0,fake
C41732RG7O.jpg,0,fake
B391MYXR2B.jpg,0,fake
RNU858CTJ2.jpg,0,fake
5EUBXKNZUI.jpg,0,fake
FB0FVBDJGM.jpg,0,fake
6GYBZUIQ1W.jpg,0,fake
T313B9L7F4.jpg,0,fake
HXW2NUWURN.jpg,0,fake
RQNPJSB55E.jpg,0,fake
TIFMLVY2KN.jpg,0,fake
N97NWGARWL.jpg,0,fake
UQXFWFJFEX.jpg,0,fake
BJCZ32CRUK.jpg,0,fake
CEYIIM532I.jpg,0,fake
0HNOXY87MA.jpg,0,fake
WPVE64ZALD.jpg,0,fake
RQ1ZI1O8ND.jpg,0,fake
OK4T3GR7RX.jpg,0,fake
8V9VZFVTOO.jpg,0,fake
LM5W1RKR2J.jpg,0,fake
PGJQBGYMHN.jpg,0,fake
E16SRGYDK4.jpg,0,fake
BDYRXOLNJJ.jpg,0,fake
ADWLIX7O5M.jpg,0,fake
34KEYMM4ST.jpg,0,fake
8BNCJ6LTGC.jpg,0,fake
TLLX4D9WWG.jpg,0,fake
698ICBR1K6.jpg,0,fake
725GPMJPTA.jpg,0,fake
3RO01YRNCN.jpg,0,fake
H4UEBKSSUG.jpg,0,fake
VU90E29ATJ.jpg,0,fake
INS9DGM92D.jpg,0,fake
BJDCZJDH7P.jpg,0,fake
9601ZY72A6.jpg,0,fake
UQVF79Z13G.jpg,0,fake
U5KCT50XAK.jpg,0,fake
7R5OYNIKYF.jpg,0,fake
IMX17F2UL8.jpg,0,fake
LGV5868JPQ.jpg,0,fake
8FMDD0GT8T.jpg,0,fake
R8N02L8W0B.jpg,0,fake
CF2EQ8OGSO.jpg,0,fake
ZEFQ8MQ78C.jpg,0,fake
9MGSOW9WQ8.jpg,0,fake
QU9FDVNWOL.jpg,0,fake
SP3NQ5I6UA.jpg,0,fake
XV6CQ12HJC.jpg,0,fake
HPAQALE1UI.jpg,0,fake
1MSF2REZ1A.jpg,0,fake
UMGJOE3C90.jpg,0,fake
CPBHDJWDS7.jpg,0,fake
M93UNOIYHY.jpg,0,fake
S0YVRUW1NM.jpg,0,fake
FPJW868ZI4.jpg,0,fake
60HC4IPEAN.jpg,0,fake
MGW9W0QWK1.jpg,0,fake
BEDVXHWIN0.jpg,0,fake
EOVUG7TIS9.jpg,0,fake
0GYG7M81ZO.jpg,0,fake
Z65C2S78HB.jpg,0,fake
IA9EB22WOS.jpg,0,fake
IWKQLB6T4L.jpg,0,fake
ZYU9M6635L.jpg,0,fake
OFEAV65QN7.jpg,0,fake
KTWQAZNVE4.jpg,0,fake
VBX8MGKVTR.jpg,0,fake
9IODZYM7XT.jpg,0,fake
A8OEUE3D78.jpg,0,fake
SET3R43EB7.jpg,0,fake
8FJ358LZ26.jpg,0,fake
UE6WSPBA7D.jpg,0,fake
GFCGW69BTY.jpg,0,fake
3GQC030GLN.jpg,0,fake
S6VJV2QKSG.jpg,0,fake
TPQQEPUYN4.jpg,0,fake
YMUD5U7SR6.jpg,0,fake
7W8V1AKCMK.jpg,0,fake
7YWDW7ZM2Y.jpg,0,fake
2PEBY6F5P9.jpg,0,fake
S9WKN7OY7G.jpg,0,fake
0E3FZDRYBU.jpg,0,fake
9GMVX002AO.jpg,0,fake
BHMR0DEI7O.jpg,0,fake
88I9RTP41Q.jpg,0,fake
YKP4HJMMED.jpg,0,fake
5EC0AMB21C.jpg,0,fake
OD8EEESTWQ.jpg,0,fake
LDO8A66UZB.jpg,0,fake
9PSHMGBGYH.jpg,0,fake
TMD8K27OGJ.jpg,0,fake
Q7G8EIUFQV.jpg,0,fake
D3KT5JXSGE.jpg,0,fake
ZZBAQAN1IY.jpg,0,fake
CZEPM5H5HB.jpg,0,fake
GUQ9W1CL6T.jpg,0,fake
RXOMF318D8.jpg,0,fake
U03ZZCD6AI.jpg,0,fake
7QGCJ8RRD7.jpg,0,fake
0FKX2W9XRP.jpg,0,fake
CKL6RD202D.jpg,0,fake
NEMKWVJJQR.jpg,0,fake
1WZSQGAYIY.jpg,0,fake
KIJKKSRSMF.jpg,0,fake
JURSEUJO0I.jpg,0,fake
IY228WXGBN.jpg,0,fake
ZMLMY5I7T9.jpg,0,fake
JTX7HGPD3C.jpg,0,fake
160POF3TAV.jpg,0,fake
QASXIZ1KGP.jpg,0,fake
W1HTABEL76.jpg,0,fake
7H9Z8488H5.jpg,0,fake
W8VXWQDHVU.jpg,0,fake
NN1IL34GRZ.jpg,0,fake
CZHXLI92ZF.jpg,0,fake
41V9PWG0VX.jpg,0,fake
CFJGIXGISM.jpg,0,fake
3MMUB08ZTX.jpg,0,fake
00GYML2PNL.jpg,0,fake
TXWII6AB41.jpg,0,fake
RVK48K8OWJ.jpg,0,fake
5K905XDZOL.jpg,0,fake
0GNLB7JX5H.jpg,0,fake
N8R2ZPFRJQ.jpg,0,fake
A8731PSKNN.jpg,0,fake
OAJYPJYT3P.jpg,0,fake
GNPPK5ABH5.jpg,0,fake
O50RG02YVH.jpg,0,fake
F8A786TSK4.jpg,0,fake
63XU553PKW.jpg,0,fake
DZUB1ST8DG.jpg,0,fake
IX9FJUFO6P.jpg,0,fake
QDAQVH2AXX.jpg,0,fake
4P2C6Y32IO.jpg,0,fake
X4LQB9HCY7.jpg,0,fake
ZFHTKAL3ZU.jpg,0,fake
RRS9HWV3XX.jpg,0,fake
R13MJUBYDN.jpg,0,fake
J85Q186MQS.jpg,0,fake
IN8OXALAJD.jpg,0,fake
0Q0WXAAJCU.jpg,0,fake
HZSICW5E82.jpg,0,fake
EG4S0HSD60.jpg,0,fake
TI1N8YZQKQ.jpg,0,fake
VJO4MLC86A.jpg,0,fake
S033NEWVKN.jpg,0,fake
M9LBB79ELM.jpg,0,fake
72KATHSBVL.jpg,0,fake
RI20A3R4LR.jpg,0,fake
3KJ0DUOOVY.jpg,0,fake
85F4YSPKD7.jpg,0,fake
0FKBGNN952.jpg,0,fake
O6QQVZOOGA.jpg,0,fake
6RQL4KEPDI.jpg,0,fake
53LWSFO8ZF.jpg,0,fake
QSVECBFY8U.jpg,0,fake
K4H4TW0I1J.jpg,0,fake
NNGVVVL0VT.jpg,0,fake
PMETG3C4TP.jpg,0,fake
34DBK5KDGD.jpg,0,fake
2ZLRAV75WG.jpg,0,fake
Z64ROL04T8.jpg,0,fake
G4QIP0BUDN.jpg,0,fake
MK20U2RWEM.jpg,0,fake
YGC0ZG6ZLB.jpg,0,fake
4V0HYLJ05K.jpg,0,fake
NPK9CPX469.jpg,0,fake
NTETMQC4VV.jpg,0,fake
U1V4OKETH0.jpg,0,fake
JZ6ERBU4T5.jpg,0,fake
YQ25IA505T.jpg,0,fake
JRKS5UINCV.jpg,0,fake
9OLG1ORSS9.jpg,0,fake
NXWWWTWCUD.jpg,0,fake
Z2V0534TM0.jpg,0,fake
P0MXTGCMUJ.jpg,0,fake
IKOVN7M13E.jpg,0,fake
IPHGWYDRGD.jpg,0,fake
TUH3WEHOFB.jpg,0,fake
EID27GXYPE.jpg,0,fake
8Q8LR8VWZ8.jpg,0,fake
J6HXC7EI3Y.jpg,0,fake
77KVRPQ9N1.jpg,0,fake
PBLOSZQ3PN.jpg,0,fake
N92CITDK9Q.jpg,0,fake
RYJR7T6B9I.jpg,0,fake
39LPNZ419X.jpg,0,fake
GJX470I3QV.jpg,0,fake
M6OX0WC8G4.jpg,0,fake
8VC7ICTDZ0.jpg,0,fake
TZ303HND5I.jpg,0,fake
JKKPMULGZ1.jpg,0,fake
IQB2238EOR.jpg,0,fake
Q5A51QP5F2.jpg,0,fake
B6WMHJWT46.jpg,0,fake
UZXNZKPGE7.jpg,0,fake
CUMWI0ZCIX.jpg,0,fake
E2UIM3540M.jpg,0,fake
7BHWUWKDGU.jpg,0,fake
Z62HPUJLGQ.jpg,0,fake
F7J8B3BK2L.jpg,0,fake
9J4FDER969.jpg,0,fake
T13F57D3VU.jpg,0,fake
UZB47YFR7I.jpg,0,fake
O1GLPJB45D.jpg,0,fake
L4QLEF2858.jpg,0,fake
MRI3AKU2UJ.jpg,0,fake
5I8T1EY0QU.jpg,0,fake
4QUVS4JJXN.jpg,0,fake
S35KKFUE9F.jpg,0,fake
XGNTI2EB1B.jpg,0,fake
0T913W7CSA.jpg,0,fake
9IN1CD3TBF.jpg,0,fake
6EHZ31N6AJ.jpg,0,fake
ZHYRADA058.jpg,0,fake
I9P576MJ63.jpg,0,fake
G6ZRJHGEE5.jpg,0,fake
RJORSIMP69.jpg,0,fake
TGIMV6VP4Q.jpg,0,fake
YBWIF9I4ZX.jpg,0,fake
YPY2UZSM2V.jpg,0,fake
ZH67ZF0U2B.jpg,0,fake
6EYFQWS1JN.jpg,0,fake
VRAUDO8817.jpg,0,fake
7IKT12ADGO.jpg,0,fake
BFNN5UF7R7.jpg,0,fake
CZNFN1M7JH.jpg,0,fake
3PBRLW9MTR.jpg,0,fake
9CCGYEKTPL.jpg,0,fake
U4GROQN78N.jpg,0,fake
MRC5KFNEF6.jpg,0,fake
NJV994YWHM.jpg,0,fake
RQH68XEY5Y.jpg,0,fake
R2U03OOP1P.jpg,0,fake
3UDHGXHZNX.jpg,0,fake
3K3YIAJ8UL.jpg,0,fake
9EPC046MBX.jpg,0,fake
Z2F693LXNH.jpg,0,fake
WTTOKVT7L9.jpg,0,fake
BBEPAEEDDW.jpg,0,fake
FBKALV9E4I.jpg,0,fake
705HK64IHS.jpg,0,fake
KS0EQPJAA5.jpg,0,fake
E88QV3412C.jpg,0,fake
J2S33IEOYA.jpg,0,fake
K2LOVNTT8C.jpg,0,fake
LKNXJP74GU.jpg,0,fake
JONYSARO09.jpg,0,fake
W642D3TJBM.jpg,0,fake
ZB6I2ERYBM.jpg,0,fake
DH11L5DR1J.jpg,0,fake
J9UHUVG8QP.jpg,0,fake
SEYBRC40DM.jpg,0,fake
WZ2B6GOO44.jpg,0,fake
01WIL4POL6.jpg,0,fake
2OBVE5P1OO.jpg,0,fake
YI3R91IU9G.jpg,0,fake
YCWJBYOS10.jpg,0,fake
4PB7R01J0C.jpg,0,fake
6MUICZEAUV.jpg,0,fake
KECQONDDEM.jpg,0,fake
VU2GVZF40R.jpg,0,fake
4D5LJW4GZY.jpg,0,fake
ZAZZ88S3K2.jpg,0,fake
KHEPH29HA6.jpg,0,fake
SA4YCP5M6N.jpg,0,fake
PKTLC2V7XE.jpg,0,fake
U7Q86BT015.jpg,0,fake
YKPRI7FZSH.jpg,0,fake
PI2WAFZ9GT.jpg,0,fake
FENGLX31CV.jpg,0,fake
9HO95LG4ZN.jpg,0,fake
GR6J3JA0JF.jpg,0,fake
LRI6LFSQPF.jpg,0,fake
SHOPHMBRDV.jpg,0,fake
UYMLC6BVIZ.jpg,0,fake
F6HII4EX8C.jpg,0,fake
N6BAQ3QN4C.jpg,0,fake
R68E4U1TVS.jpg,0,fake
AV1KK7MLZ2.jpg,0,fake
SRMXPO4W97.jpg,0,fake
83JSFQ68WC.jpg,0,fake
XQHZEPQBZL.jpg,0,fake
ACHCGQDNBE.jpg,0,fake
6W2LQBR0YS.jpg,0,fake
XQEHUDBJ2N.jpg,0,fake
9MJOZ4VKA2.jpg,0,fake
HPBL400RDT.jpg,0,fake
8M2BSSCWAU.jpg,0,fake
4RC1XR8D8B.jpg,0,fake
9KXCG8AQGC.jpg,0,fake
BCZC7EP6LH.jpg,0,fake
LIHLIO6DQJ.jpg,0,fake
DK62KMM88T.jpg,0,fake
GH8PYM2M3Q.jpg,0,fake
XOD4LXOXWP.jpg,0,fake
H1JLRZ3J8U.jpg,0,fake
6XSNSYQPOR.jpg,0,fake
CQQROSCWB3.jpg,0,fake
MZVKDFKZYM.jpg,0,fake
SYN6DDYAJP.jpg,0,fake
VEKS0B3H7C.jpg,0,fake
YDVZYLJLMA.jpg,0,fake
46KJBWNRT0.jpg,0,fake
S4MOB8O5A5.jpg,0,fake
RR3LO6XPGU.jpg,0,fake
50LZNIK2LW.jpg,0,fake
KRTRPB4AZI.jpg,0,fake
D4XC4ZL5FT.jpg,0,fake
2P2L5WT4BU.jpg,0,fake
PL362KU9JQ.jpg,0,fake
O4D70DI10K.jpg,0,fake
FE07JQ3HTA.jpg,0,fake
X3UKWF6AS0.jpg,0,fake
494J5CDLHV.jpg,0,fake
3OQAVC64FO.jpg,0,fake
YKXR4ZVDRL.jpg,0,fake
729LVACIXW.jpg,0,fake
9CMIF9KT8L.jpg,0,fake
JSJDKCHEBL.jpg,0,fake
A40PKUBBDP.jpg,0,fake
JDUZQ3CON2.jpg,0,fake
GUOH8TUX1R.jpg,0,fake
T65HXKRT5F.jpg,0,fake
LAOA9ZRLUQ.jpg,0,fake
JHHW52N7PQ.jpg,0,fake
4VKPMUSDPG.jpg,0,fake
Z7VZ02V7YV.jpg,0,fake
EJSJN8GWI2.jpg,0,fake
4WKPG5XVV8.jpg,0,fake
6ALB2UWIFB.jpg,0,fake
45GXJL7F9S.jpg,0,fake
INWG09J9NR.jpg,0,fake
TB1GRDT46D.jpg,0,fake
OQLEG1O38E.jpg,0,fake
JB9LO0VIOS.jpg,0,fake
TU2515VFSQ.jpg,0,fake
6P5LVFZFX6.jpg,0,fake
KC81XMWK1L.jpg,0,fake
JH4OG3WEEC.jpg,0,fake
JYXAT59I6E.jpg,0,fake
P5E2YTVWYR.jpg,0,fake
BFQW0KRGL2.jpg,0,fake
XCWUWWXSON.jpg,0,fake
33KTSHC4GY.jpg,0,fake
OHBWIIFCDC.jpg,0,fake
FVYQUEIFZE.jpg,0,fake
5AA3PKSNEM.jpg,0,fake
Y5AZVN6A61.jpg,0,fake
2DBIU6BDW4.jpg,0,fake
KUWOT8W040.jpg,0,fake
XNX842HX4F.jpg,0,fake
FOZ7NZMEKL.jpg,0,fake
6DKQCH28YD.jpg,0,fake
LIKPFH8DSA.jpg,0,fake
J8UCZM08I1.jpg,0,fake
NWZRIJORRQ.jpg,0,fake
7TC3GGU7U1.jpg,0,fake
3TDRWEM508.jpg,0,fake
DVO2POFMKA.jpg,0,fake
AO39USJK6I.jpg,0,fake
LMTKGIS16Z.jpg,0,fake
M7CR0904F1.jpg,0,fake
P05HE02980.jpg,0,fake
63YERIEGS7.jpg,0,fake
HSKPNS61P2.jpg,0,fake
8ZJFEY541O.jpg,0,fake
CXDU1OFESX.jpg,0,fake
7SNHLEHF76.jpg,0,fake
EM7RLCH0W3.jpg,0,fake
REGQ9ALPGD.jpg,0,fake
SMCP5Z37D8.jpg,0,fake
1IFGJFECPY.jpg,0,fake
LT4WZ9CSF4.jpg,0,fake
0M02CZE62R.jpg,0,fake
CGNLHJDSI9.jpg,0,fake
YO8MJ9D4RQ.jpg,0,fake
9SNUDMUZNV.jpg,0,fake
W32DAU17K6.jpg,0,fake
YDTAJP3D2V.jpg,0,fake
5KV425PHVL.jpg,0,fake
YJKP2DAOIS.jpg,0,fake
L1ZRO2AEZP.jpg,0,fake
KHUHQDV3WC.jpg,0,fake
55V4SVKZH2.jpg,0,fake
I9QSQV4511.jpg,0,fake
JSJBZA2G5C.jpg,0,fake
W0XYXMYM3U.jpg,0,fake
QETLKPKGU0.jpg,0,fake
F3HLYZ8IYH.jpg,0,fake
XXD499J79N.jpg,0,fake
TWKTP9RA5K.jpg,0,fake
MP5KNAVD09.jpg,0,fake
JJ0O6NKDJS.jpg,0,fake
VIJN73A8Y8.jpg,0,fake
40PN58LCOR.jpg,0,fake
JUCBEQX4LH.jpg,0,fake
9BFZERML8I.jpg,0,fake
QWNDLB4R43.jpg,0,fake
W29X1VMHJ4.jpg,0,fake
R4WRKBNIWQ.jpg,0,fake
ZO62ZT1BD6.jpg,0,fake
6U4JCWNDUK.jpg,0,fake
7WMG8MRQ8S.jpg,0,fake
MWQ4VJPMKX.jpg,0,fake
GOERAMOCG5.jpg,0,fake
3SI08NSM20.jpg,0,fake
AWXZIM97NQ.jpg,0,fake
T1W2HXXCRP.jpg,0,fake
NV8AASZTAG.jpg,0,fake
AGQAZBGQBH.jpg,0,fake
GRGO065CDP.jpg,0,fake
ZXDH9528VI.jpg,0,fake
U49IWCX3O1.jpg,0,fake
L23S2R6VAE.jpg,0,fake
APTVI54AYX.jpg,0,fake
5X9P6LTY3B.jpg,0,fake
92OZ4P870L.jpg,0,fake
JBPBD31QGS.jpg,0,fake
402IVYW440.jpg,0,fake
8Y0X9GD4KJ.jpg,0,fake
2JSASFYCUB.jpg,0,fake
RL0YDSPK6P.jpg,0,fake
3OC1JXGHDV.jpg,0,fake
9TD7CFIPVK.jpg,0,fake
LU7DUBAR6M.jpg,0,fake
F8RFNZWMO0.jpg,0,fake
MMBG027EN4.jpg,0,fake
T4DOKS4T0N.jpg,0,fake
7JNXVX14MC.jpg,0,fake
LY5ZY2X9GO.jpg,0,fake
GS92QR1FH3.jpg,0,fake
PJUALA7XG6.jpg,0,fake
CQ7FMXKAPX.jpg,0,fake
6VGF54C8O8.jpg,0,fake
WXD9Y82LCM.jpg,0,fake
TLC440HXHA.jpg,0,fake
GTTC6N3I06.jpg,0,fake
0G78WMR8CR.jpg,0,fake
T4H9SVCLRV.jpg,0,fake
LNXSLDHE6O.jpg,0,fake
ZGJ64DLZUK.jpg,0,fake
QY2QRZEF48.jpg,0,fake
UP218GREE9.jpg,0,fake
8URZ6FYV9S.jpg,0,fake
992LBCFE27.jpg,0,fake
M037M72KJR.jpg,0,fake
XT1ZFZWT9U.jpg,0,fake
1AFRCVHJQN.jpg,0,fake
7T77ZZRE48.jpg,0,fake
VRAMCMD2LM.jpg,0,fake
82H9H39LW9.jpg,0,fake
J33WUQITJB.jpg,0,fake
FS62Z7B73G.jpg,0,fake
U8T6M1RP6T.jpg,0,fake
M3YCG76QMD.jpg,0,fake
FW1KJI325Y.jpg,0,fake
7BLRVN3KKB.jpg,0,fake
ETUZZVLFKU.jpg,0,fake
SLN9R1KT1L.jpg,0,fake
LCN9P8E26A.jpg,0,fake
XZE32ILNWY.jpg,0,fake
ZOJXLS1C9O.jpg,0,fake
7484ZH1BFO.jpg,0,fake
12KF75ORWM.jpg,0,fake
KAWHK3N0G0.jpg,0,fake
AF9AW44QA8.jpg,0,fake
AXPQ1ORLSX.jpg,0,fake
RO1D5FLIE3.jpg,0,fake
HORLUDDI01.jpg,0,fake
6XM9F7PQX4.jpg,0,fake
9H73H7KLEK.jpg,0,fake
E0Y0B27PJD.jpg,0,fake
2M2EU0ZPS2.jpg,0,fake
N67LOKGXSW.jpg,0,fake
Y632F1325K.jpg,0,fake
VPDLQXT5H4.jpg,0,fake
M3ST221W3L.jpg,0,fake
I7NH6U9KUK.jpg,0,fake
PIKMP9HBFM.jpg,0,fake
R9CRLRE48A.jpg,0,fake
Q8VYWTE53Y.jpg,0,fake
W63BB850D3.jpg,0,fake
TRV6FMQCGL.jpg,0,fake
XIKI0B3GYS.jpg,0,fake
9EWHGJ54FK.jpg,0,fake
LQNO220278.jpg,0,fake
3V4KIWNIYY.jpg,0,fake
ZMBHYU5ODD.jpg,0,fake
NJDEP3IRHT.jpg,0,fake
8KJROM9V47.jpg,0,fake
YPBUWP90U8.jpg,0,fake
SN0FI3AI36.jpg,0,fake
EEHX569YFQ.jpg,0,fake
IVHW6UGLHK.jpg,0,fake
UFOV1QSLQI.jpg,0,fake
A7LK7JK6MC.jpg,0,fake
RUU2Q2AHNQ.jpg,0,fake
8C80BMPPO8.jpg,0,fake
CAOI44RRFN.jpg,0,fake
EUOU1KVFNE.jpg,0,fake
F07AKINMZI.jpg,0,fake
TSW1ZS8I26.jpg,0,fake
IRJ571QAX2.jpg,0,fake
HKDTUTGNWM.jpg,0,fake
TBZT79JM0G.jpg,0,fake
XAK2G9KQI8.jpg,0,fake
KAHH2F91IP.jpg,0,fake
6PP27YDRNG.jpg,0,fake
73HFZUOCXX.jpg,0,fake
0YX00K947S.jpg,0,fake
OIJN8208JL.jpg,0,fake
RN6UQ89OD1.jpg,0,fake
0G83XR0D0A.jpg,0,fake
7Z237P827W.jpg,0,fake
WWUZVQQAOD.jpg,0,fake
B37Q2IAF13.jpg,0,fake
734WYCMPGW.jpg,0,fake
JMZF0KF629.jpg,0,fake
IIPKK22X5J.jpg,0,fake
L72WRODMJP.jpg,0,fake
QRDDCH3CP9.jpg,0,fake
WVLTIG7CBT.jpg,0,fake
809CCJRX7P.jpg,0,fake
ACY3834BO6.jpg,0,fake
SVZOAOS09U.jpg,0,fake
MY38W476DR.jpg,0,fake
2W4YMJMD7Z.jpg,0,fake
FPA1P56UTZ.jpg,0,fake
UJ20MCF0D2.jpg,0,fake
9SVF5QY2GN.jpg,0,fake
J61GQPHIFL.jpg,0,fake
X2R2NZHB7C.jpg,0,fake
V9LYLK9G8U.jpg,0,fake
YISNLNYM4Q.jpg,0,fake
RG12Z29O3B.jpg,0,fake
26ZIT8WMUA.jpg,0,fake
YTGLTINESV.jpg,0,fake
97TX1ORO9B.jpg,0,fake
74SH7SVL5F.jpg,0,fake
EEPZ5JNV4J.jpg,0,fake
XCNEF0WA82.jpg,0,fake
7YW562UP43.jpg,0,fake
XY0Q2MYQUG.jpg,0,fake
IAT8B4LNZW.jpg,0,fake
CYQC7V4YBP.jpg,0,fake
VLQR1ROJJF.jpg,0,fake
487QLGKPI7.jpg,0,fake
SEWIU3JNNW.jpg,0,fake
77CVNL3RH6.jpg,0,fake
WH6Y5QN2YP.jpg,0,fake
LI45QVHWF3.jpg,0,fake
U1J0RQCGDI.jpg,0,fake
IYOMOTZPZM.jpg,0,fake
ULXRHZUX3M.jpg,0,fake
5NAK2NRFGA.jpg,0,fake
42XEJIZZFC.jpg,0,fake
W2FS3T87DZ.jpg,0,fake
OSA1KO72VY.jpg,0,fake
VAGVW4AQR5.jpg,0,fake
O17QN36TX7.jpg,0,fake
RGB6V3BLBT.jpg,0,fake
UPJHSCX85B.jpg,0,fake
VHFZAPXEA7.jpg,0,fake
BRYJ3PIBXL.jpg,0,fake
QGNIO38NXV.jpg,0,fake
MWSG1HP5GJ.jpg,0,fake
KX9DFW7S91.jpg,0,fake
TWNTPONW0R.jpg,0,fake
5FSYSPBU9A.jpg,0,fake
O4FY3AGT22.jpg,0,fake
OY049L857D.jpg,0,fake
UOQM7HK81P.jpg,0,fake
3QWSLPNEVV.jpg,0,fake
TKKKYNR9KK.jpg,0,fake
4ZDAXJERZX.jpg,0,fake
GHB88I8GQ0.jpg,0,fake
URABFA58FJ.jpg,0,fake
AMPR489JRI.jpg,0,fake
2MTIQC5AGA.jpg,0,fake
D5648EBY7A.jpg,0,fake
2IP2AT71Y3.jpg,0,fake
TN7IHDLNR5.jpg,0,fake
UGZDJ8OURW.jpg,0,fake
BDKCCX7UKP.jpg,0,fake
YW18XEOYWB.jpg,0,fake
L9HVUJ9CYS.jpg,0,fake
S02JBUNPMM.jpg,0,fake
W80RAIFHEI.jpg,0,fake
A5LR6USC8F.jpg,0,fake
4KZSFXIBJ6.jpg,0,fake
W4MT71CY3N.jpg,0,fake
X80YL0LAT7.jpg,0,fake
HBDRU54DMQ.jpg,0,fake
WIA5J2W9O0.jpg,0,fake
V2GK82YE3G.jpg,0,fake
XLK4NSU15F.jpg,0,fake
NQB8CDQF1X.jpg,0,fake
MIG07KCQJZ.jpg,0,fake
0UTTF3VPYT.jpg,0,fake
UDC5QKLYQC.jpg,0,fake
PXVY3DHQVP.jpg,0,fake
QJ8MOXDUR8.jpg,0,fake
K61SDL9L1R.jpg,0,fake
YTH8ECRLNZ.jpg,0,fake
INGTYPE9A6.jpg,0,fake
G8DQORH9A6.jpg,0,fake
M3LT8D5IF7.jpg,0,fake
9K4PTPQIC1.jpg,0,fake
V1J9OLDZCH.jpg,0,fake
11TNITPK09.jpg,0,fake
XEBUJ8CEG9.jpg,0,fake
8DBJOLA3Z4.jpg,0,fake
19E3P92WNJ.jpg,0,fake
5QE62CKCNH.jpg,0,fake
P8OE3BFTUG.jpg,0,fake
72ZYRPMZN1.jpg,0,fake
ZUBNAQJPRH.jpg,0,fake
DDCYV7Z0D5.jpg,0,fake
YSSSJGM5F0.jpg,0,fake
Y9XCE6R5SK.jpg,0,fake
T0BEYY65L5.jpg,0,fake
MAK2NIP4PT.jpg,0,fake
OE11Q3C6NX.jpg,0,fake
2RM31GSYV6.jpg,0,fake
AD45FT31AJ.jpg,0,fake
AQRDAVTV9I.jpg,0,fake
82TFFMBKDD.jpg,0,fake
Q1MBT7S6KX.jpg,0,fake
LSU9I4PKVK.jpg,0,fake
3UANZ6LA7G.jpg,0,fake
7SNEX4IODI.jpg,0,fake
8ZY3XP79IZ.jpg,0,fake
GZ09E1PMCN.jpg,0,fake
RDF5LBYAPC.jpg,0,fake
WKCGFJE5AP.jpg,0,fake
5IH27YA7BH.jpg,0,fake
CV7QQ1LC4G.jpg,0,fake
R0KB0WA1VA.jpg,0,fake
AR2F5WY5OW.jpg,0,fake
E1IOJ0Q6W0.jpg,0,fake
V7W0Z8C6RQ.jpg,0,fake
LJQ6F7HWQQ.jpg,0,fake
MNKOQZ2OVX.jpg,0,fake
X9HXCAOK7C.jpg,0,fake
7KH9DVNA26.jpg,0,fake
Z387I5ORZQ.jpg,0,fake
LUSS0SUGYA.jpg,0,fake
R10I2UYCI3.jpg,0,fake
LU9YBHLD72.jpg,0,fake
9VQWIJY8UT.jpg,0,fake
1S1G6PPB1W.jpg,0,fake
CZ2VYK9CQQ.jpg,0,fake
4FJ770652W.jpg,0,fake
G42HZJ82I4.jpg,0,fake
WLHWWJM2U1.jpg,0,fake
YXU4BSFXY5.jpg,0,fake
1NR57FVWOL.jpg,0,fake
G1SJSQO1GX.jpg,0,fake
P0DWOH81A8.jpg,0,fake
RR1XP4A7Q6.jpg,0,fake
2CNZ7AIOQ5.jpg,0,fake
ZGTSNN5BEZ.jpg,0,fake
BF9HENNNBD.jpg,0,fake
OWVAEXWXGQ.jpg,0,fake
1R6MV2T877.jpg,0,fake
NJGCJ4OXFM.jpg,0,fake
LAOUOW32UF.jpg,0,fake
9D721C2NKL.jpg,0,fake
OPW6IS3DDC.jpg,0,fake
V2CLJYX3YP.jpg,0,fake
5OK0C0TS1F.jpg,0,fake
3BF62D280Y.jpg,0,fake
ILONQW5B7Q.jpg,0,fake
7K4D38NWX0.jpg,0,fake
BH4WNA5PE4.jpg,0,fake
19LMZNYKI3.jpg,0,fake
YKF1L7ARTO.jpg,0,fake
TPGIKYWJYT.jpg,0,fake
66CI5TMI21.jpg,0,fake
YBDTTVNZ9F.jpg,0,fake
1SOT3HERXU.jpg,0,fake
YFW87ECMWW.jpg,0,fake
JR6X37IRP7.jpg,0,fake
VHPYZT3824.jpg,0,fake
V0N0WJHGDI.jpg,0,fake
W2VHQPZGPQ.jpg,0,fake
JW0AEB7MTO.jpg,0,fake
HQPNWDE0A6.jpg,0,fake
G8SZTY4QRR.jpg,0,fake
XC61WZBKIQ.jpg,0,fake
AK39YBXCA5.jpg,0,fake
MGJJ23QS8D.jpg,0,fake
LZAI6WAKYW.jpg,0,fake
UISE5VR9LC.jpg,0,fake
YUA4Z8IM2W.jpg,0,fake
XOF0GRPHZI.jpg,0,fake
ET5Z0F9NN7.jpg,0,fake
PIMVHWBEI9.jpg,0,fake
U2XXKR01PM.jpg,0,fake
9NOI4EH5N8.jpg,0,fake
0P4JBC8G3A.jpg,0,fake
DU740S5632.jpg,0,fake
T5SS3DFPB6.jpg,0,fake
7N2V9UTUOX.jpg,0,fake
C9VWUYR49S.jpg,0,fake
MB8T36241Z.jpg,0,fake
IVT6MVIR6Y.jpg,0,fake
ZBQATJYVF9.jpg,0,fake
WP8NZDJ6UD.jpg,0,fake
LVTZCE6YVK.jpg,0,fake
DJD8T1OY3Y.jpg,0,fake
RCBLB8QTV4.jpg,0,fake
L5NLSFSEOY.jpg,0,fake
MBLVYD1A24.jpg,0,fake
SY2BPMQ84J.jpg,0,fake
BKWIBGRA2P.jpg,0,fake
WVYZZ6QX8K.jpg,0,fake
002KDWZBHU.jpg,0,fake
NPFMBXC7WQ.jpg,0,fake
24CE6WMA5V.jpg,0,fake
G5N2MVH62S.jpg,0,fake
FXF940KL2O.jpg,0,fake
V0LHC11OV8.jpg,0,fake
JNEGI77XOB.jpg,0,fake
XC7B3VIZ6D.jpg,0,fake
1SK1ZY8LTF.jpg,0,fake
58FQ8F913S.jpg,0,fake
A0CQN1P9Y6.jpg,0,fake
O3DH2VCZ86.jpg,0,fake
92EMZY5YC0.jpg,0,fake
W4W8KLL3AH.jpg,0,fake
2SE7GQW0KV.jpg,0,fake
ABLX1S4EFK.jpg,0,fake
YGXF88PR2A.jpg,0,fake
U1LHVLD6RX.jpg,0,fake
IWAN0LE18Y.jpg,0,fake
T48MFRCEOO.jpg,0,fake
WRGISUG7OV.jpg,0,fake
CJ8STV7SQ5.jpg,0,fake
9Z4QAIZ1LZ.jpg,0,fake
UPFB886Y13.jpg,0,fake
O7T4KSJZ6G.jpg,0,fake
1OB2LZVM82.jpg,0,fake
K104ACK98V.jpg,0,fake
HJMBBX7XF5.jpg,0,fake
NUKIG367UR.jpg,0,fake
0Y24AKC59B.jpg,0,fake
3G6SQ5OTBU.jpg,0,fake
3HK59VWSES.jpg,0,fake
ZZPKGYIDWB.jpg,0,fake
GBHWH3V794.jpg,0,fake
Y0ZUAE8MX2.jpg,0,fake
XYFZN7NCW9.jpg,0,fake
D8V7JB9S4E.jpg,0,fake
PUAZJ09FO0.jpg,0,fake
5Y3FKDIVQ6.jpg,0,fake
MTE85QLNZN.jpg,0,fake
JRDX4FSMBZ.jpg,0,fake
RBH1VNZOZC.jpg,0,fake
68AZY6PFD5.jpg,0,fake
67D72T2JZD.jpg,0,fake
WCX2L2YV2S.jpg,0,fake
S38UK4C8LX.jpg,0,fake
FI5MEWMLIS.jpg,0,fake
VEBCQQ8HT0.jpg,0,fake
HT1IUA8Z0L.jpg,0,fake
CFBY9QFVWS.jpg,0,fake
NTQ6DBU48U.jpg,0,fake
JBCBM900AN.jpg,0,fake
89TMZHF0JU.jpg,0,fake
28OME8PI9N.jpg,0,fake
B0397CRT9Q.jpg,0,fake
80VKZ3SBZN.jpg,0,fake
NSEKPRW2ZP.jpg,0,fake
KALFJKLI6D.jpg,0,fake
GUW7N11F64.jpg,0,fake
G3UJ3I4GTD.jpg,0,fake
PLBQ31QSZH.jpg,0,fake
JQ6GEW6A01.jpg,0,fake
JC9MH0K92P.jpg,0,fake
KYWI87E1FG.jpg,0,fake
1X0HYE3X8Z.jpg,0,fake
WDE7KGO1MB.jpg,0,fake
L4M9WLPNGB.jpg,0,fake
A5DI8CETY1.jpg,0,fake
AAV02XBL0H.jpg,0,fake
V6RQ83YKWH.jpg,0,fake
BD6OUB2T1A.jpg,0,fake
GF9N9FE52Y.jpg,0,fake
75TU0J36QC.jpg,0,fake
KSLH2KE9W1.jpg,0,fake
Z97YTAQQII.jpg,0,fake
QB415FX5Y8.jpg,0,fake
DH8Q4T90XC.jpg,0,fake
S9ISTPD4YF.jpg,0,fake
QFRHP5Y9G9.jpg,0,fake
41JXXIIHAP.jpg,0,fake
R62E2YSY4D.jpg,0,fake
SUE1SNNIJH.jpg,0,fake
0W6K866245.jpg,0,fake
WZH0TPR6T8.jpg,0,fake
A0XYTU4DTD.jpg,0,fake
1SLX00FXVP.jpg,0,fake
7CLE22VCQI.jpg,0,fake
QXR5G9YRY2.jpg,0,fake
KN478E4YF6.jpg,0,fake
U4SILIIL2B.jpg,0,fake
2T5AA5Y2JA.jpg,0,fake
J5KWEMR3VK.jpg,0,fake
B18JNOJ3K3.jpg,0,fake
HUOKNR3YV8.jpg,0,fake
5ASN0KMJMS.jpg,0,fake
TIZTIWIQ9S.jpg,0,fake
H0YOD5AK2X.jpg,0,fake
OQA3QLXMRX.jpg,0,fake
S4J1QGLA9V.jpg,0,fake
TNL2CEMB9T.jpg,0,fake
1QZHKEJKTM.jpg,0,fake
T3CRWVPSHH.jpg,0,fake
M848TF3V2U.jpg,0,fake
K7WSV8TYNK.jpg,0,fake
QUIUQGVOPR.jpg,0,fake
F3EK8BQHO5.jpg,0,fake
M5FDVFAR5O.jpg,0,fake
OB0SXIHI5W.jpg,0,fake
1W9X487BKU.jpg,0,fake
9KMV37AU88.jpg,0,fake
C29YVSEIQQ.jpg,0,fake
8Z3SCVM57S.jpg,0,fake
T37847F8V0.jpg,0,fake
VPTSKW7BU5.jpg,0,fake
4P0JRN9MII.jpg,0,fake
9KS61558UX.jpg,0,fake
C7G6F5WN2Y.jpg,0,fake
GD70WYA56K.jpg,0,fake
615KWHGB65.jpg,0,fake
T8FML38YL7.jpg,0,fake
KCPM3KKTX1.jpg,0,fake
II5CUY9IW2.jpg,0,fake
QR6676Q8WV.jpg,0,fake
YTYIKMEEZ0.jpg,0,fake
ZQS64ZV4LO.jpg,0,fake
0K82WX0M2Z.jpg,0,fake
D534HN9EMQ.jpg,0,fake
GJH5H5WB1C.jpg,0,fake
1KMLYPRJNB.jpg,0,fake
15MBXHRCVI.jpg,0,fake
WHSLQ9OWY0.jpg,0,fake
0V8E0IZDDG.jpg,0,fake
C6IYAVY9WG.jpg,0,fake
4APRQZN66A.jpg,0,fake
FOLF5XDRDI.jpg,0,fake
GYHA2OCIF1.jpg,0,fake
BX74KZDHLK.jpg,0,fake
6LR97CJUBY.jpg,0,fake
G8KC3QSGW7.jpg,0,fake
8FMBE2W2KA.jpg,0,fake
5BMWWY6BQ8.jpg,0,fake
IBOBGB6A7S.jpg,0,fake
R3NFURGIW9.jpg,0,fake
8VZWFQY7PW.jpg,0,fake
XI837RWHAH.jpg,0,fake
9OBXYH4HQN.jpg,0,fake
XFHLZB8EEJ.jpg,0,fake
GZPXQ7KN2H.jpg,0,fake
K1N229GLUH.jpg,0,fake
LJKOLHEFE1.jpg,0,fake
1NWCOID441.jpg,0,fake
51MNSXC188.jpg,0,fake
NY5VE1WWNK.jpg,0,fake
OR2P6EFHC4.jpg,0,fake
4UW4CFRUUL.jpg,0,fake
LRH6N811JA.jpg,0,fake
NR37UFR2BQ.jpg,0,fake
2KJJ9RANR2.jpg,0,fake
088GS90NMC.jpg,0,fake
F3EITYXPBW.jpg,0,fake
MCFNQPYCZE.jpg,0,fake
RDMZPRU600.jpg,0,fake
VAV8C2DN9G.jpg,0,fake
XE0OTWR1RP.jpg,0,fake
DERIRL9DYQ.jpg,0,fake
3R84SGETYZ.jpg,0,fake
A00F6GTAF1.jpg,0,fake
9FV3U2CLGN.jpg,0,fake
IUO1856RYP.jpg,0,fake
TK8FZW8FQZ.jpg,0,fake
SPJWD6M1P6.jpg,0,fake
B9NSWG6H3C.jpg,0,fake
4Q1NFK93YS.jpg,0,fake
CMGS09NWL7.jpg,0,fake
J8WNBSCDGR.jpg,0,fake
ITXVZDP5I2.jpg,0,fake
44CO81DW7X.jpg,0,fake
2R7NVJ9ZVU.jpg,0,fake
TTAXEYJIOP.jpg,0,fake
PTF2X2G4NF.jpg,0,fake
10KMXQ9DRC.jpg,0,fake
S65T89M7EV.jpg,0,fake
CCJG6G2A8S.jpg,0,fake
YVY675Q6GW.jpg,0,fake
OQQB2T4785.jpg,0,fake
AF2EUZUGW4.jpg,0,fake
TW6VPXIPA7.jpg,0,fake
6W6X524U23.jpg,0,fake
DT97U52YYT.jpg,0,fake
R36LWZRKN9.jpg,0,fake
W4GG56OIXB.jpg,0,fake
V1KRN4RKAT.jpg,0,fake
T86KBS6RM9.jpg,0,fake
DJLOT8JUVU.jpg,0,fake
4LJNJVNJ6E.jpg,0,fake
RJ3IWLH4GA.jpg,0,fake
XGB9H4MKKF.jpg,0,fake
UV4M4TL6K9.jpg,0,fake
NZFUT0HCLJ.jpg,0,fake
RJW3ZHGK3B.jpg,0,fake
8I6LTXHHYP.jpg,0,fake
5ZJBXW7C3M.jpg,0,fake
YH4UJP0HK0.jpg,0,fake
SWSS1QHRER.jpg,0,fake
YZV9013NXR.jpg,0,fake
OD255V6KXB.jpg,0,fake
KA59IYBA53.jpg,0,fake
ZTJK8ZJ6VB.jpg,0,fake
7MXHMSUNBR.jpg,0,fake
03B31BUXHR.jpg,0,fake
MFJSDHVOIR.jpg,0,fake
Z51TO3YJGF.jpg,0,fake
CQ4DTIB9XF.jpg,0,fake
R8AR9KDX95.jpg,0,fake
RSFI04GQO6.jpg,0,fake
U6HB2DYRG2.jpg,0,fake
X44338CF4S.jpg,0,fake
TJ5TMSV9O5.jpg,0,fake
UFW5GUC52W.jpg,0,fake
74T3ULLMUJ.jpg,0,fake
AOBLTM5IRD.jpg,0,fake
LS6WYQZU3V.jpg,0,fake
7LGYKR6N55.jpg,0,fake
38OZIERA00.jpg,0,fake
IOHGS9GA4L.jpg,0,fake
H1STHASSV1.jpg,0,fake
3ZCWDKYGZ3.jpg,0,fake
URXRUR11CX.jpg,0,fake
OVH9ONVJ90.jpg,0,fake
90MKXN0AX6.jpg,0,fake
S372RS3ZVV.jpg,0,fake
P5GRCDLQ90.jpg,0,fake
DK8KJ1SYLG.jpg,0,fake
QO4M2VXC9I.jpg,0,fake
C1DIZ3ZC62.jpg,0,fake
8LCEUP90FR.jpg,0,fake
QBT5744T4A.jpg,0,fake
F4B9GE293B.jpg,0,fake
OEL0O58VBT.jpg,0,fake
OSPKYH02LD.jpg,0,fake
77QSCWY0M7.jpg,0,fake
KMYYPP6E83.jpg,0,fake
88CABP6PCV.jpg,0,fake
OQP3VGA13F.jpg,0,fake
N4E9PG471K.jpg,0,fake
2GDWA5WDMM.jpg,0,fake
3ADUPQXXLA.jpg,0,fake
SCGFUCUVY7.jpg,0,fake
3553WK56WE.jpg,0,fake
KEGSC4VONY.jpg,0,fake
E28QKT68Y1.jpg,0,fake
8GI0FZG3HV.jpg,0,fake
EE6TB6VKVQ.jpg,0,fake
NZ044UBIX7.jpg,0,fake
NLE12FYUIC.jpg,0,fake
A4BHGC30U9.jpg,0,fake
WZPBVA27Q4.jpg,0,fake
8IT6A86NZS.jpg,0,fake
6L6Z6DVL7Z.jpg,0,fake
CHRN9SOSFR.jpg,0,fake
HR6A4WSK9B.jpg,0,fake
KW31CWDVQS.jpg,0,fake
I4LFRWYSRW.jpg,0,fake
987TD56SY9.jpg,0,fake
1N0TMO5VGN.jpg,0,fake
L9CE68HY9G.jpg,0,fake
EGZIC0C9VF.jpg,0,fake
UX4PXA3F2L.jpg,0,fake
D0CA1XWMAM.jpg,0,fake
OYSDWS5OFL.jpg,0,fake
WKBY6K7DH3.jpg,0,fake
BWJDY17L8Y.jpg,0,fake
EN9HHT2R1P.jpg,0,fake
XSHUGYF9V7.jpg,0,fake
FQS1RV49GF.jpg,0,fake
J7MCQ9WPYV.jpg,0,fake
VDCOIG0IK7.jpg,0,fake
WQHD718LCP.jpg,0,fake
4Y4B3CT9JH.jpg,0,fake
0RH1DCFO06.jpg,0,fake
PMQL85Q7LP.jpg,0,fake
AA2WUTVKG9.jpg,0,fake
NQNQR8E2SN.jpg,0,fake
9LEURXDYQK.jpg,0,fake
8J6CSOZEXZ.jpg,0,fake
CBL9MG6U4R.jpg,0,fake
XBJ11LS67O.jpg,0,fake
GGFKIX7IXT.jpg,0,fake
KIK1LDQ4KE.jpg,0,fake
GAWDODK7TX.jpg,0,fake
YP3LWP4E6M.jpg,0,fake
I0RQDIE392.jpg,0,fake
BX5AWD0QJ8.jpg,0,fake
XH96JG98JF.jpg,0,fake
6HAUEGLZQ3.jpg,0,fake
CAXTATNRO9.jpg,0,fake
V5I5CF1L3J.jpg,0,fake
WWOX8S4E0G.jpg,0,fake
SXZD1VL53V.jpg,0,fake
9J68FBW7BY.jpg,0,fake
G0R14MZV95.jpg,0,fake
3X2NHOSKMD.jpg,0,fake
AT1XFEJSHC.jpg,0,fake
OJ89BSGSR5.jpg,0,fake
932W3RTZ4X.jpg,0,fake
KPIVQCIVHM.jpg,0,fake
8OPE0EQB29.jpg,0,fake
GRL526ZSYI.jpg,0,fake
345ATQWD58.jpg,0,fake
GBE63WX2RP.jpg,0,fake
6W8LLQGMAR.jpg,0,fake
OOBF8Y0NK9.jpg,0,fake
NQKX2ZW0HJ.jpg,0,fake
FQO2H5Y0P4.jpg,0,fake
T5VP3EUK7M.jpg,0,fake
KNE5WUSDLJ.jpg,0,fake
0BPR4R4EJX.jpg,0,fake
ICQJTKO0MG.jpg,0,fake
KC2W2O1LMK.jpg,0,fake
Y5G3BWBMON.jpg,0,fake
2N2Z0IN2X8.jpg,0,fake
65AZVVMY5Y.jpg,0,fake
D4468BFX29.jpg,0,fake
841A35ZPNM.jpg,0,fake
U3WZCLKD6A.jpg,0,fake
TWI59H1JTR.jpg,0,fake
DBPJWC7RNM.jpg,0,fake
2MYLBLJTML.jpg,0,fake
TOUPZG9ZZC.jpg,0,fake
8UKJB14T93.jpg,0,fake
2GJ0BV3CAY.jpg,0,fake
UQX9K5MLLA.jpg,0,fake
R712P1AE39.jpg,0,fake
DFL2SE5ZIM.jpg,0,fake
BB0S1DPJVW.jpg,0,fake
KANW1RG5QZ.jpg,0,fake
EX8GIVA3IK.jpg,0,fake
PMNR8SOFTV.jpg,0,fake
UVK9ANIE9C.jpg,0,fake
VKW5ROZ0QR.jpg,0,fake
TPO0ITPGOE.jpg,0,fake
JE7BAOO87N.jpg,0,fake
YVF3HBZRAV.jpg,0,fake
Y5DV1P9YMO.jpg,0,fake
WSFOG96KJ6.jpg,0,fake
NA7JS9VTUF.jpg,0,fake
2SKSV0EPLO.jpg,0,fake
TVZQNBRAQB.jpg,0,fake
RPKVQMQ5MX.jpg,0,fake
FCMUO2625E.jpg,0,fake
C9C2QSEH38.jpg,0,fake
D3IHASNJYZ.jpg,0,fake
1NFLCEQSYM.jpg,0,fake
YW8689W69U.jpg,0,fake
V22FCQ0PAO.jpg,0,fake
MVD2870E1C.jpg,0,fake
DFY8R211W5.jpg,0,fake
I92K3YJOP1.jpg,0,fake
NDI9YL2AKI.jpg,0,fake
VOYVMMW4G8.jpg,0,fake
TOI7ZXNC6C.jpg,0,fake
130YRU8J2L.jpg,0,fake
EZLVV3EWLE.jpg,0,fake
5N0JEBDOLV.jpg,0,fake
60QXNZHZXB.jpg,0,fake
GGW5RGII71.jpg,0,fake
PHSUOJRIOR.jpg,0,fake
EQUE1QDR0M.jpg,0,fake
N9JYGX3YOA.jpg,0,fake
95TI7IYA1X.jpg,0,fake
LMK1R7SQYJ.jpg,0,fake
SF4UXBPVZ5.jpg,0,fake
AHKLUZYYOB.jpg,0,fake
RL6X79GA5J.jpg,0,fake
DHCXDPA7N1.jpg,0,fake
SZAWK45PCK.jpg,0,fake
ZXGH5PIXZS.jpg,0,fake
K1UF2RQGWE.jpg,0,fake
R14V35DD2R.jpg,0,fake
O3PTK28CDS.jpg,0,fake
Z9842N1YC9.jpg,0,fake
7ZDVXEZ9Z7.jpg,0,fake
LNW1B9P8F6.jpg,0,fake
OCU1X1SFU5.jpg,0,fake
CVY8UF8Q20.jpg,0,fake
2X2N94YW6D.jpg,0,fake
VTO9HAG0HO.jpg,0,fake
4D1VTAISVB.jpg,0,fake
59P654QY35.jpg,0,fake
AMA688UGHF.jpg,0,fake
XZU3TFBPLP.jpg,0,fake
KSPF15NFJ6.jpg,0,fake
MEWS0V4M9X.jpg,0,fake
FV09R1A6AY.jpg,0,fake
J1S1VFL33C.jpg,0,fake
EDP0K4VE58.jpg,0,fake
77545099JZ.jpg,0,fake
6OAO3MSH3H.jpg,0,fake
50IQYBXW9T.jpg,0,fake
I9H5KEYT30.jpg,0,fake
T1NSI0L908.jpg,0,fake
7LCWL4AH0Z.jpg,0,fake
A8XX49532Y.jpg,0,fake
HR8VQLWVHD.jpg,0,fake
UN5JKQC8Q1.jpg,0,fake
TWW29GLGHW.jpg,0,fake
Y4P1GJK1ZO.jpg,0,fake
J8B8UDBZX8.jpg,0,fake
0CLHBGQOUJ.jpg,0,fake
6N2UFFG31M.jpg,0,fake
GTY4S7G51D.jpg,0,fake
SAZZEQ6PJL.jpg,0,fake
IMYMTFYZTH.jpg,0,fake
11Z4L0N866.jpg,0,fake
L5W4O8IU91.jpg,0,fake
Z4O8UA2Z7G.jpg,0,fake
QCHCTHNFK8.jpg,0,fake
MRN9N2LNN8.jpg,0,fake
DIKZLN8ZW9.jpg,0,fake
Q3L20N3E2E.jpg,0,fake
LML9F5BK0M.jpg,0,fake
84BRDQCB1X.jpg,0,fake
S96FWGOOWE.jpg,0,fake
FMIMW4VVHH.jpg,0,fake
TBT89S5UML.jpg,0,fake
59E68NDUTY.jpg,0,fake
WWDPC4ZN6D.jpg,0,fake
G03QMAP7FA.jpg,0,fake
BXG9LXEY0F.jpg,0,fake
OGTSRTQNAS.jpg,0,fake
8C34Y5M5ET.jpg,0,fake
4YH88039UW.jpg,0,fake
OHLJEOLQPQ.jpg,0,fake
J9VL4WBZ87.jpg,0,fake
O7CCCP1V1R.jpg,0,fake
4ZY3XK6B5P.jpg,0,fake
0WXPG4GJU4.jpg,0,fake
YOQ7H0BJLO.jpg,0,fake
ZM1E3T3YWN.jpg,0,fake
RTGCXRV2FM.jpg,0,fake
ORDS7219Z5.jpg,0,fake
A6AGCND168.jpg,0,fake
VNTRZPV1J3.jpg,0,fake
GL58K6AKTV.jpg,0,fake
0M7ROXTAWH.jpg,0,fake
KG8ADTBB8D.jpg,0,fake
S4L9R14L2I.jpg,0,fake
G3177EZU5N.jpg,0,fake
S72KZF3A4S.jpg,0,fake
ODI9I04F5Q.jpg,0,fake
EHX970RDIN.jpg,0,fake
U54A46UQXY.jpg,0,fake
PR99XWOO42.jpg,0,fake
QIXNPKQFG4.jpg,0,fake
X5TQKIDJ77.jpg,0,fake
K05XS40MG1.jpg,0,fake
DTVCX3DL30.jpg,0,fake
1G87ZVXQW8.jpg,0,fake
25EPFXQPI1.jpg,0,fake
JOKBDH5P9G.jpg,0,fake
956FB8887U.jpg,0,fake
PLCCUJ8P26.jpg,0,fake
FCD2VNI7AI.jpg,0,fake
EA0UOFCRHF.jpg,0,fake
RXIVPQAJUS.jpg,0,fake
89TLAG2GY4.jpg,0,fake
3OJS2KYD4U.jpg,0,fake
GOGZ7V7V9M.jpg,0,fake
15M8LWAUW7.jpg,0,fake
0DX2W9VBR5.jpg,0,fake
56CMZL9QOL.jpg,0,fake
FE4BYHEKYR.jpg,0,fake
BOWRWM6PGW.jpg,0,fake
KJBNF2E757.jpg,0,fake
GWBNI5PQZY.jpg,0,fake
KE912CBW0Y.jpg,0,fake
KY5IDR85XD.jpg,0,fake
